model_id,model,corruption,level,level_index,severity,metric,value_mean,value_sample_std,degradation_from_clean_pp_mean,degradation_from_clean_pp_sample_std,seeds,highres_value_mean,highres_degradation_from_clean_pp_mean,value_delta_vs_highres_pp,additional_degradation_vs_highres_pp
standard_shufflenet_v2,Standard ShuffleNetV2,clean,clean,-1,0,accuracy,0.9677498105,0.000424590105,0,0,3,0.9803415179,0,-1.259170746,0
standard_shufflenet_v2,Standard ShuffleNetV2,clean,clean,-1,0,macro_f1,0.8049466062,0.00131589322,0,0,3,0.9020287208,0,-9.708211458,0
standard_shufflenet_v2,Standard ShuffleNetV2,clean,clean,-1,0,balanced_accuracy,0.7854577334,0.003015476922,0,0,3,0.891150744,0,-10.56930106,0
resnet18,ResNet18,clean,clean,-1,0,accuracy,0.9785684,0.0001680183072,0,0,3,0.9803415179,0,-0.1773117989,0
resnet18,ResNet18,clean,clean,-1,0,macro_f1,0.8892551551,0.001955351574,0,0,3,0.9020287208,0,-1.277356572,0
resnet18,ResNet18,clean,clean,-1,0,balanced_accuracy,0.8765939223,0.001523968341,0,0,3,0.891150744,0,-1.455682166,0
standard_shufflenet_v2,Standard ShuffleNetV2,bin_flip,light,0,0.01,accuracy,0.9666191265,0.0006484448152,0.1130683935,0.02623774924,3,0.9718870858,0.8454432153,-0.5267959244,-0.7323748217
standard_shufflenet_v2,Standard ShuffleNetV2,bin_flip,light,0,0.01,macro_f1,0.8017690794,0.00394007871,0.3177526838,0.5215272987,3,0.8820348971,1.999382365,-8.026581776,-1.681629682
standard_shufflenet_v2,Standard ShuffleNetV2,bin_flip,light,0,0.01,balanced_accuracy,0.7908543979,0.003243838423,-0.5396664553,0.6143237752,3,0.8953647444,-0.4214000447,-10.45103465,-0.1182664106
resnet18,ResNet18,bin_flip,light,0,0.01,accuracy,0.9763584268,0.0005616799135,0.2209973146,0.06590509246,3,0.9718870858,0.8454432153,0.4471341017,-0.6244459006
resnet18,ResNet18,bin_flip,light,0,0.01,macro_f1,0.8799241617,0.001239550502,0.933099336,0.2562619791,3,0.8820348971,1.999382365,-0.2110735425,-1.066283029
resnet18,ResNet18,bin_flip,light,0,0.01,balanced_accuracy,0.8737695471,0.001497697102,0.2824375198,0.2670410138,3,0.8953647444,-0.4214000447,-2.159519731,0.7038375645
standard_shufflenet_v2,Standard ShuffleNetV2,bin_flip,medium,1,0.05,accuracy,0.9433501651,0.005904510702,2.439964538,0.5585985343,3,0.9471790721,3.316244587,-0.3828906963,-0.8762800499
standard_shufflenet_v2,Standard ShuffleNetV2,bin_flip,medium,1,0.05,macro_f1,0.7480187941,0.00914467453,5.692781209,0.9572812291,3,0.8148235887,8.72051321,-6.680479456,-3.027732001
standard_shufflenet_v2,Standard ShuffleNetV2,bin_flip,medium,1,0.05,balanced_accuracy,0.7764115533,0.001890519835,0.9046180043,0.319063436,3,0.8529532807,3.819746325,-7.654172742,-2.915128321
resnet18,ResNet18,bin_flip,medium,1,0.05,accuracy,0.9565457606,0.0007902722283,2.202263938,0.0874182564,3,0.9471790721,3.316244587,0.9366688509,-1.11398065
resnet18,ResNet18,bin_flip,medium,1,0.05,macro_f1,0.8219733416,0.005372732416,6.728181344,0.7073765421,3,0.8148235887,8.72051321,0.7149752941,-1.992331866
resnet18,ResNet18,bin_flip,medium,1,0.05,balanced_accuracy,0.8425261544,0.004871203973,3.406776793,0.6383626069,3,0.8529532807,3.819746325,-1.042712634,-0.4129695321
standard_shufflenet_v2,Standard ShuffleNetV2,bin_flip,heavy,2,0.1,accuracy,0.9319019903,0.01487179749,3.584782022,1.453288071,3,0.9496074728,3.073404515,-1.770548253,0.5113775071
standard_shufflenet_v2,Standard ShuffleNetV2,bin_flip,heavy,2,0.1,macro_f1,0.6443550291,0.01242647606,16.05915771,1.345026424,3,0.7404439151,16.15848057,-9.608888591,-0.09932286656
standard_shufflenet_v2,Standard ShuffleNetV2,bin_flip,heavy,2,0.1,balanced_accuracy,0.6710407306,0.02463347975,11.44170027,2.713876586,3,0.7508553491,14.02953949,-7.98146185,-2.587839213
resnet18,ResNet18,bin_flip,heavy,2,0.1,accuracy,0.9466908222,0.002883491379,3.187757777,0.2719340712,3,0.9496074728,3.073404515,-0.2916650606,0.1143532616
resnet18,ResNet18,bin_flip,heavy,2,0.1,macro_f1,0.7160285528,0.01014442369,17.32266023,0.8706695519,3,0.7404439151,16.15848057,-2.441536227,1.164179656
resnet18,ResNet18,bin_flip,heavy,2,0.1,balanced_accuracy,0.7275068462,0.006768025514,14.90870762,0.6699907271,3,0.7508553491,14.02953949,-2.334850297,0.8791681304
standard_shufflenet_v2,Standard ShuffleNetV2,translation,light,0,2,accuracy,0.963458351,0.0007444477476,0.4291459482,0.0700577208,3,0.978003058,0.2338459957,-1.454470699,0.1952999525
standard_shufflenet_v2,Standard ShuffleNetV2,translation,light,0,2,macro_f1,0.7909875494,0.004132221939,1.395905685,0.28567681,3,0.8939459975,0.808272327,-10.29584482,0.5876333581
standard_shufflenet_v2,Standard ShuffleNetV2,translation,light,0,2,balanced_accuracy,0.7634968524,0.007399448757,2.196088097,0.6705105782,3,0.8812579853,0.9892758674,-11.77611329,1.206812229
resnet18,ResNet18,translation,light,0,2,accuracy,0.9755746573,0.0006266943375,0.2993742692,0.07615486008,3,0.978003058,0.2338459957,-0.2428400725,0.06552827352
resnet18,ResNet18,translation,light,0,2,macro_f1,0.8772538815,0.003837695828,1.200127355,0.2845689792,3,0.8939459975,0.808272327,-1.6692116,0.3918550277
resnet18,ResNet18,translation,light,0,2,balanced_accuracy,0.8602405759,0.00424782508,1.63533464,0.3036277764,3,0.8812579853,0.9892758674,-2.101740939,0.6460587727
standard_shufflenet_v2,Standard ShuffleNetV2,translation,medium,1,5,accuracy,0.9279060504,0.004802709119,3.984376004,0.4600132884,3,0.9609914042,1.935011371,-3.308535379,2.049364633
standard_shufflenet_v2,Standard ShuffleNetV2,translation,medium,1,5,macro_f1,0.6342644926,0.004749264119,17.06821136,0.3574604334,3,0.8072399343,9.478878653,-17.29754417,7.589332708
standard_shufflenet_v2,Standard ShuffleNetV2,translation,medium,1,5,balanced_accuracy,0.6242441872,0.004759050842,16.12135462,0.4764661597,3,0.7908414617,10.03092823,-16.65972745,6.090426389
resnet18,ResNet18,translation,medium,1,5,accuracy,0.9411658893,0.00259072236,3.740251063,0.2583543577,3,0.9609914042,1.935011371,-1.982551491,1.805239692
resnet18,ResNet18,translation,medium,1,5,macro_f1,0.7091885589,0.006133025424,18.00665962,0.4902546307,3,0.8072399343,9.478878653,-9.805137537,8.527780965
resnet18,ResNet18,translation,medium,1,5,balanced_accuracy,0.7229427974,0.00317475136,15.36511249,0.272640834,3,0.7908414617,10.03092823,-6.789866426,5.33418426
standard_shufflenet_v2,Standard ShuffleNetV2,translation,heavy,2,8,accuracy,0.8949748808,0.006128982493,7.277492965,0.6251949578,3,0.9423736653,3.79678526,-4.739878451,3.480707705
standard_shufflenet_v2,Standard ShuffleNetV2,translation,heavy,2,8,macro_f1,0.4818865559,0.01310819821,32.30600503,1.283645552,3,0.6846262995,21.74024213,-20.27397436,10.5657629
standard_shufflenet_v2,Standard ShuffleNetV2,translation,heavy,2,8,balanced_accuracy,0.4958721299,0.01430452235,28.95856035,1.198495503,3,0.6800929884,21.10577556,-18.42208585,7.852784782
resnet18,ResNet18,translation,heavy,2,8,accuracy,0.9027097868,0.006916088296,7.585861311,0.6815241308,3,0.9423736653,3.79678526,-3.96638785,3.789076051
resnet18,ResNet18,translation,heavy,2,8,macro_f1,0.559305537,0.007802050481,32.9949618,0.6655623149,3,0.6846262995,21.74024213,-12.53207625,11.25471967
resnet18,ResNet18,translation,heavy,2,8,balanced_accuracy,0.6056718074,0.008810455668,27.0922115,1.006435415,3,0.6800929884,21.10577556,-7.442118099,5.986435933
standard_shufflenet_v2,Standard ShuffleNetV2,local_missing,light,0,8,accuracy,0.9658610544,0.0007286459741,0.1888756119,0.04814399259,3,0.978606946,0.1734571946,-1.274589163,0.0154184173
standard_shufflenet_v2,Standard ShuffleNetV2,local_missing,light,0,8,macro_f1,0.7903495728,0.002442301267,1.459703342,0.3753915774,3,0.8919703756,1.005834522,-10.16208028,0.45386882
standard_shufflenet_v2,Standard ShuffleNetV2,local_missing,light,0,8,balanced_accuracy,0.7585073951,0.001376141365,2.695033823,0.4012300598,3,0.8724219054,1.872883856,-11.39145103,0.8221499668
resnet18,ResNet18,local_missing,light,0,8,accuracy,0.9766154004,0.000424590105,0.1952999525,0.05643189879,3,0.978606946,0.1734571946,-0.1991545568,0.02184275784
resnet18,ResNet18,local_missing,light,0,8,macro_f1,0.8751793314,0.00249395254,1.407582369,0.4069053719,3,0.8919703756,1.005834522,-1.67910442,0.4017478479
resnet18,ResNet18,local_missing,light,0,8,balanced_accuracy,0.8515729675,0.0041940212,2.502095484,0.4194649939,3,0.8724219054,1.872883856,-2.084893794,0.6292116272
standard_shufflenet_v2,Standard ShuffleNetV2,local_missing,medium,1,16,accuracy,0.9606059438,0.0006057986218,0.7143866682,0.03497579974,3,0.9734546249,0.688689306,-1.284868108,0.02569736217
standard_shufflenet_v2,Standard ShuffleNetV2,local_missing,medium,1,16,macro_f1,0.7578230692,0.003823107459,4.712353701,0.4916416776,3,0.8649120633,3.711665748,-10.70889941,1.000687953
standard_shufflenet_v2,Standard ShuffleNetV2,local_missing,medium,1,16,balanced_accuracy,0.7092532602,0.006926988975,7.620447315,0.6125255165,3,0.8333728244,5.777791959,-12.41195642,1.842655357
resnet18,ResNet18,local_missing,medium,1,16,accuracy,0.9711804083,0.000197802931,0.7387991623,0.0364322987,3,0.9734546249,0.688689306,-0.2274216552,0.05010985622
resnet18,ResNet18,local_missing,medium,1,16,macro_f1,0.838470031,0.007357872277,5.078512404,0.5859927904,3,0.8649120633,3.711665748,-2.644203228,1.366846656
resnet18,ResNet18,local_missing,medium,1,16,balanced_accuracy,0.794686069,0.009408949114,8.190785332,1.032396402,3,0.8333728244,5.777791959,-3.86867554,2.412993373
standard_shufflenet_v2,Standard ShuffleNetV2,local_missing,heavy,2,24,accuracy,0.9523313932,0.0001459329645,1.54184173,0.04377988934,3,0.965231469,1.511004895,-1.290007581,0.0308368346
standard_shufflenet_v2,Standard ShuffleNetV2,local_missing,heavy,2,24,macro_f1,0.6820985694,0.006376969091,12.28480369,0.7535602515,3,0.8044869822,9.754173857,-12.23884129,2.530629829
standard_shufflenet_v2,Standard ShuffleNetV2,local_missing,heavy,2,24,balanced_accuracy,0.610635194,0.01031334248,17.48225394,1.296781249,3,0.7442185003,14.69322437,-13.35833064,2.789029574
resnet18,ResNet18,local_missing,heavy,2,24,accuracy,0.9614668054,0.0002994045972,1.710159452,0.03209599506,3,0.965231469,1.511004895,-0.3764663557,0.1991545568
resnet18,ResNet18,local_missing,heavy,2,24,macro_f1,0.7723464403,0.007945967913,11.69087148,0.6732964768,3,0.8044869822,9.754173857,-3.214054195,1.936697623
resnet18,ResNet18,local_missing,heavy,2,24,balanced_accuracy,0.706527137,0.0104128781,17.00667854,1.157762743,3,0.7442185003,14.69322437,-3.769136337,2.313454171
standard_shufflenet_v2,Standard ShuffleNetV2,rotation,light,0,2,accuracy,0.9685978234,0.0005133044072,-0.08480129515,0.0154184173,3,0.98041861,-0.00770920865,-1.18207866,-0.0770920865
standard_shufflenet_v2,Standard ShuffleNetV2,rotation,light,0,2,macro_f1,0.8062088733,0.00363573812,-0.1262267082,0.4867107197,3,0.9035907414,-0.1562020633,-9.738186813,0.02997535504
standard_shufflenet_v2,Standard ShuffleNetV2,rotation,light,0,2,balanced_accuracy,0.7888219349,0.007285941646,-0.3364201514,0.7609225297,3,0.8940955549,-0.2944810939,-10.52736201,-0.04193905741
resnet18,ResNet18,rotation,light,0,2,accuracy,0.9787739789,0.0002225456845,-0.02055788973,0.01821614935,3,0.98041861,-0.00770920865,-0.1644631179,-0.01284868108
resnet18,ResNet18,rotation,light,0,2,macro_f1,0.8899075798,0.001275581232,-0.06524247482,0.09999041596,3,0.9035907414,-0.1562020633,-1.36831616,0.09095958846
resnet18,ResNet18,rotation,light,0,2,balanced_accuracy,0.8772583907,0.001216110739,-0.06644683277,0.1797987038,3,0.8940955549,-0.2944810939,-1.683716428,0.2280342612
standard_shufflenet_v2,Standard ShuffleNetV2,rotation,medium,1,5,accuracy,0.9691631654,0.0004024325062,-0.1413354919,0.0197802931,3,0.9797504786,0.05910393298,-1.058731321,-0.2004394249
standard_shufflenet_v2,Standard ShuffleNetV2,rotation,medium,1,5,macro_f1,0.8100278686,0.003811226112,-0.5081262414,0.2737234274,3,0.8963397054,0.5689015379,-8.631183678,-1.077027779
standard_shufflenet_v2,Standard ShuffleNetV2,rotation,medium,1,5,balanced_accuracy,0.7983245527,0.001791797873,-1.286681929,0.381733107,3,0.8822384318,0.8912312178,-8.391387916,-2.177913147
resnet18,ResNet18,rotation,medium,1,5,accuracy,0.9785298539,0.0007065606437,0.003854604325,0.08610533826,3,0.9797504786,0.05910393298,-0.1220624703,-0.05524932866
resnet18,ResNet18,rotation,medium,1,5,macro_f1,0.8882772047,0.004824530318,0.09779503292,0.5946531932,3,0.8963397054,0.5689015379,-0.8062500669,-0.471106505
resnet18,ResNet18,rotation,medium,1,5,balanced_accuracy,0.8741497615,0.00575428497,0.2444160837,0.4693616859,3,0.8822384318,0.8912312178,-0.8088670324,-0.6468151341
standard_shufflenet_v2,Standard ShuffleNetV2,rotation,heavy,2,10,accuracy,0.9680710275,0.0004263361992,-0.03212170271,0.07255808454,3,0.9795192024,0.08223155893,-1.144817484,-0.1143532616
standard_shufflenet_v2,Standard ShuffleNetV2,rotation,heavy,2,10,macro_f1,0.8063261521,0.004594763968,-0.1379545915,0.3279068662,3,0.899988704,0.2040016796,-9.366255187,-0.3419562711
standard_shufflenet_v2,Standard ShuffleNetV2,rotation,heavy,2,10,balanced_accuracy,0.7903081778,0.002318677228,-0.485044439,0.07304688105,3,0.8852355331,0.5915210859,-9.492735538,-1.076565525
resnet18,ResNet18,rotation,heavy,2,10,accuracy,0.9779259659,0.0002323445158,0.06424340541,0.01239081931,3,0.9795192024,0.08223155893,-0.1593236454,-0.01798815352
resnet18,ResNet18,rotation,heavy,2,10,macro_f1,0.8887977429,0.00281783314,0.04574121886,0.1645691446,3,0.899988704,0.2040016796,-1.119096111,-0.1582604607
resnet18,ResNet18,rotation,heavy,2,10,balanced_accuracy,0.8740293508,0.001654046979,0.256457151,0.06563733262,3,0.8852355331,0.5915210859,-1.120618232,-0.3350639349
