model_id,model,seed,class_id,class_name,precision,recall,f1_score,support
highres_shufflenet_v2,HighRes ShuffleNetV2,42,0,Center,0.9483870967741935,0.9130434782608695,0.930379746835443,644
highres_shufflenet_v2,HighRes ShuffleNetV2,42,1,Donut,0.8172043010752689,0.9156626506024096,0.8636363636363636,83
highres_shufflenet_v2,HighRes ShuffleNetV2,42,2,Edge-Loc,0.8736702127659575,0.8444730077120822,0.8588235294117647,778
highres_shufflenet_v2,HighRes ShuffleNetV2,42,3,Edge-Ring,0.9835051546391752,0.9855371900826446,0.9845201238390093,1452
highres_shufflenet_v2,HighRes ShuffleNetV2,42,4,Loc,0.908883826879271,0.7402597402597403,0.8159509202453987,539
highres_shufflenet_v2,HighRes ShuffleNetV2,42,5,Near-full,0.9523809523809523,0.9523809523809523,0.9523809523809523,21
highres_shufflenet_v2,HighRes ShuffleNetV2,42,6,Random,0.8955223880597015,0.9230769230769231,0.9090909090909091,130
highres_shufflenet_v2,HighRes ShuffleNetV2,42,7,Scratch,0.8470588235294118,0.8044692737430168,0.8252148997134671,179
highres_shufflenet_v2,HighRes ShuffleNetV2,42,8,none,0.988319331506357,0.9946647375322151,0.9914818820984316,22117
highres_shufflenet_v2,HighRes ShuffleNetV2,123,0,Center,0.9560975609756097,0.9130434782608695,0.9340746624305004,644
highres_shufflenet_v2,HighRes ShuffleNetV2,123,1,Donut,0.8275862068965517,0.8674698795180723,0.8470588235294118,83
highres_shufflenet_v2,HighRes ShuffleNetV2,123,2,Edge-Loc,0.8746666666666667,0.8431876606683805,0.8586387434554974,778
highres_shufflenet_v2,HighRes ShuffleNetV2,123,3,Edge-Ring,0.9862542955326461,0.9882920110192838,0.9872721018231854,1452
highres_shufflenet_v2,HighRes ShuffleNetV2,123,4,Loc,0.8990825688073395,0.7272727272727273,0.8041025641025641,539
highres_shufflenet_v2,HighRes ShuffleNetV2,123,5,Near-full,0.9523809523809523,0.9523809523809523,0.9523809523809523,21
highres_shufflenet_v2,HighRes ShuffleNetV2,123,6,Random,0.9022556390977443,0.9230769230769231,0.9125475285171103,130
highres_shufflenet_v2,HighRes ShuffleNetV2,123,7,Scratch,0.8616352201257862,0.7653631284916201,0.8106508875739645,179
highres_shufflenet_v2,HighRes ShuffleNetV2,123,8,none,0.9876609682774712,0.9952525206854456,0.9914422124132961,22117
highres_shufflenet_v2,HighRes ShuffleNetV2,2026,0,Center,0.9472843450479234,0.9208074534161491,0.9338582677165355,644
highres_shufflenet_v2,HighRes ShuffleNetV2,2026,1,Donut,0.8295454545454546,0.8795180722891566,0.8538011695906432,83
highres_shufflenet_v2,HighRes ShuffleNetV2,2026,2,Edge-Loc,0.8818681318681318,0.8251928020565553,0.852589641434263,778
highres_shufflenet_v2,HighRes ShuffleNetV2,2026,3,Edge-Ring,0.9828649760109665,0.987603305785124,0.9852284438337341,1452
highres_shufflenet_v2,HighRes ShuffleNetV2,2026,4,Loc,0.9143518518518519,0.7328385899814471,0.8135942327497425,539
highres_shufflenet_v2,HighRes ShuffleNetV2,2026,5,Near-full,0.9523809523809523,0.9523809523809523,0.9523809523809523,21
highres_shufflenet_v2,HighRes ShuffleNetV2,2026,6,Random,0.9236641221374046,0.9307692307692308,0.9272030651340997,130
highres_shufflenet_v2,HighRes ShuffleNetV2,2026,7,Scratch,0.844311377245509,0.7877094972067039,0.815028901734104,179
highres_shufflenet_v2,HighRes ShuffleNetV2,2026,8,none,0.987573460140864,0.9953429488628657,0.9914429832462619,22117
standard_shufflenet_v2,Standard ShuffleNetV2,42,0,Center,0.9447236180904522,0.8757763975155279,0.9089443996776793,644
standard_shufflenet_v2,Standard ShuffleNetV2,42,1,Donut,0.7978723404255319,0.9036144578313253,0.847457627118644,83
standard_shufflenet_v2,Standard ShuffleNetV2,42,2,Edge-Loc,0.8511278195488722,0.7275064267352185,0.7844767844767845,778
standard_shufflenet_v2,Standard ShuffleNetV2,42,3,Edge-Ring,0.9792817679558011,0.9765840220385675,0.9779310344827586,1452
standard_shufflenet_v2,Standard ShuffleNetV2,42,4,Loc,0.7641921397379913,0.6493506493506493,0.7021063189568706,539
standard_shufflenet_v2,Standard ShuffleNetV2,42,5,Near-full,0.9047619047619048,0.9047619047619048,0.9047619047619048,21
standard_shufflenet_v2,Standard ShuffleNetV2,42,6,Random,0.8770491803278688,0.823076923076923,0.8492063492063492,130
standard_shufflenet_v2,Standard ShuffleNetV2,42,7,Scratch,0.532258064516129,0.18435754189944134,0.27385892116182575,179
standard_shufflenet_v2,Standard ShuffleNetV2,42,8,none,0.9781544758853888,0.9940317402902744,0.9860291974076649,22117
standard_shufflenet_v2,Standard ShuffleNetV2,123,0,Center,0.940099833610649,0.8773291925465838,0.9076305220883534,644
standard_shufflenet_v2,Standard ShuffleNetV2,123,1,Donut,0.7722772277227723,0.9397590361445783,0.8478260869565217,83
standard_shufflenet_v2,Standard ShuffleNetV2,123,2,Edge-Loc,0.8433734939759037,0.7197943444730077,0.7766990291262136,778
standard_shufflenet_v2,Standard ShuffleNetV2,123,3,Edge-Ring,0.982468443197756,0.9648760330578512,0.9735927727588604,1452
standard_shufflenet_v2,Standard ShuffleNetV2,123,4,Loc,0.7702407002188184,0.6530612244897959,0.7068273092369478,539
standard_shufflenet_v2,Standard ShuffleNetV2,123,5,Near-full,0.9523809523809523,0.9523809523809523,0.9523809523809523,21
standard_shufflenet_v2,Standard ShuffleNetV2,123,6,Random,0.9292035398230089,0.8076923076923077,0.8641975308641975,130
standard_shufflenet_v2,Standard ShuffleNetV2,123,7,Scratch,0.4411764705882353,0.16759776536312848,0.242914979757085,179
standard_shufflenet_v2,Standard ShuffleNetV2,123,8,none,0.9774141917126089,0.9939865262015644,0.985630702324643,22117
standard_shufflenet_v2,Standard ShuffleNetV2,2026,0,Center,0.9449081803005008,0.8788819875776398,0.910699919549477,644
standard_shufflenet_v2,Standard ShuffleNetV2,2026,1,Donut,0.797752808988764,0.8554216867469879,0.8255813953488372,83
standard_shufflenet_v2,Standard ShuffleNetV2,2026,2,Edge-Loc,0.8330827067669173,0.712082262210797,0.7678447678447679,778
standard_shufflenet_v2,Standard ShuffleNetV2,2026,3,Edge-Ring,0.9846903270702854,0.9745179063360881,0.9795777085496712,1452
standard_shufflenet_v2,Standard ShuffleNetV2,2026,4,Loc,0.7662337662337663,0.6567717996289425,0.7072927072927073,539
standard_shufflenet_v2,Standard ShuffleNetV2,2026,5,Near-full,0.9130434782608695,1.0,0.9545454545454546,21
standard_shufflenet_v2,Standard ShuffleNetV2,2026,6,Random,0.8828125,0.8692307692307693,0.875968992248062,130
standard_shufflenet_v2,Standard ShuffleNetV2,2026,7,Scratch,0.5192307692307693,0.15083798882681565,0.23376623376623376,179
standard_shufflenet_v2,Standard ShuffleNetV2,2026,8,none,0.9776769832799715,0.9940769543789845,0.9858087658334267,22117
resnet18,ResNet18,42,0,Center,0.9609120521172638,0.9161490683229814,0.9379968203497615,644
resnet18,ResNet18,42,1,Donut,0.8444444444444444,0.9156626506024096,0.8786127167630058,83
resnet18,ResNet18,42,2,Edge-Loc,0.8686730506155951,0.8161953727506427,0.8416169648774022,778
resnet18,ResNet18,42,3,Edge-Ring,0.9801777170198223,0.987603305785124,0.9838765008576329,1452
resnet18,ResNet18,42,4,Loc,0.8957871396895787,0.7495361781076066,0.8161616161616162,539
resnet18,ResNet18,42,5,Near-full,0.95,0.9047619047619048,0.926829268292683,21
resnet18,ResNet18,42,6,Random,0.8939393939393939,0.9076923076923077,0.9007633587786259,130
resnet18,ResNet18,42,7,Scratch,0.7577639751552795,0.6815642458100558,0.7176470588235294,179
resnet18,ResNet18,42,8,none,0.9870293074817109,0.9943482389112448,0.9906752556421461,22117
resnet18,ResNet18,123,0,Center,0.9605911330049262,0.9083850931677019,0.9337589784517158,644
resnet18,ResNet18,123,1,Donut,0.8387096774193549,0.9397590361445783,0.8863636363636364,83
resnet18,ResNet18,123,2,Edge-Loc,0.8674863387978142,0.8161953727506427,0.8410596026490066,778
resnet18,ResNet18,123,3,Edge-Ring,0.9868965517241379,0.9855371900826446,0.9862164024810476,1452
resnet18,ResNet18,123,4,Loc,0.8757894736842106,0.7717996289424861,0.8205128205128205,539
resnet18,ResNet18,123,5,Near-full,0.9523809523809523,0.9523809523809523,0.9523809523809523,21
resnet18,ResNet18,123,6,Random,0.9186991869918699,0.8692307692307693,0.8932806324110671,130
resnet18,ResNet18,123,7,Scratch,0.7919463087248322,0.659217877094972,0.7195121951219512,179
resnet18,ResNet18,123,8,none,0.9866313758916154,0.9943934529999547,0.9904972077103225,22117
resnet18,ResNet18,2026,0,Center,0.9488,0.9208074534161491,0.9345941686367218,644
resnet18,ResNet18,2026,1,Donut,0.8172043010752689,0.9156626506024096,0.8636363636363636,83
resnet18,ResNet18,2026,2,Edge-Loc,0.8811188811188811,0.8097686375321337,0.8439383791024783,778
resnet18,ResNet18,2026,3,Edge-Ring,0.9814305364511692,0.9827823691460055,0.9821059876118375,1452
resnet18,ResNet18,2026,4,Loc,0.8920704845814978,0.75139146567718,0.8157099697885196,539
resnet18,ResNet18,2026,5,Near-full,0.9523809523809523,0.9523809523809523,0.9523809523809523,21
resnet18,ResNet18,2026,6,Random,0.8478260869565217,0.9,0.8731343283582089,130
resnet18,ResNet18,2026,7,Scratch,0.8163265306122449,0.6703910614525139,0.7361963190184049,179
resnet18,ResNet18,2026,8,none,0.9864549695012559,0.9944386670886648,0.990430729741292,22117
mobilenet_v3_small,MobileNetV3-Small,42,0,Center,0.9412724306688418,0.8959627329192547,0.9180588703261734,644
mobilenet_v3_small,MobileNetV3-Small,42,1,Donut,0.8152173913043478,0.9036144578313253,0.8571428571428571,83
mobilenet_v3_small,MobileNetV3-Small,42,2,Edge-Loc,0.8441379310344828,0.7866323907455013,0.8143712574850299,778
mobilenet_v3_small,MobileNetV3-Small,42,3,Edge-Ring,0.9820193637621023,0.977961432506887,0.9799861973775017,1452
mobilenet_v3_small,MobileNetV3-Small,42,4,Loc,0.8624708624708625,0.686456400742115,0.7644628099173554,539
mobilenet_v3_small,MobileNetV3-Small,42,5,Near-full,0.875,1.0,0.9333333333333333,21
mobilenet_v3_small,MobileNetV3-Small,42,6,Random,0.9032258064516129,0.8615384615384616,0.8818897637795275,130
mobilenet_v3_small,MobileNetV3-Small,42,7,Scratch,0.6777777777777778,0.3407821229050279,0.45353159851301117,179
mobilenet_v3_small,MobileNetV3-Small,42,8,none,0.9817857142857143,0.9943482389112448,0.9880270458476537,22117
mobilenet_v3_small,MobileNetV3-Small,123,0,Center,0.9519867549668874,0.8928571428571429,0.9214743589743589,644
mobilenet_v3_small,MobileNetV3-Small,123,1,Donut,0.8333333333333334,0.9036144578313253,0.8670520231213873,83
mobilenet_v3_small,MobileNetV3-Small,123,2,Edge-Loc,0.85,0.7866323907455013,0.8170894526034713,778
mobilenet_v3_small,MobileNetV3-Small,123,3,Edge-Ring,0.9720136518771331,0.9807162534435262,0.9763455605073705,1452
mobilenet_v3_small,MobileNetV3-Small,123,4,Loc,0.8259911894273128,0.6957328385899815,0.7552870090634441,539
mobilenet_v3_small,MobileNetV3-Small,123,5,Near-full,0.9545454545454546,1.0,0.9767441860465116,21
mobilenet_v3_small,MobileNetV3-Small,123,6,Random,0.896,0.8615384615384616,0.8784313725490196,130
mobilenet_v3_small,MobileNetV3-Small,123,7,Scratch,0.5769230769230769,0.25139664804469275,0.35019455252918286,179
mobilenet_v3_small,MobileNetV3-Small,123,8,none,0.9828009828009828,0.9947099516209251,0.9887196081075008,22117
mobilenet_v3_small,MobileNetV3-Small,2026,0,Center,0.9510603588907015,0.90527950310559,0.9276054097056484,644
mobilenet_v3_small,MobileNetV3-Small,2026,1,Donut,0.8222222222222222,0.891566265060241,0.8554913294797688,83
mobilenet_v3_small,MobileNetV3-Small,2026,2,Edge-Loc,0.8351351351351352,0.794344473007712,0.8142292490118577,778
mobilenet_v3_small,MobileNetV3-Small,2026,3,Edge-Ring,0.9596774193548387,0.9834710743801653,0.9714285714285714,1452
mobilenet_v3_small,MobileNetV3-Small,2026,4,Loc,0.8416289592760181,0.6901669758812616,0.7584097859327217,539
mobilenet_v3_small,MobileNetV3-Small,2026,5,Near-full,0.95,0.9047619047619048,0.926829268292683,21
mobilenet_v3_small,MobileNetV3-Small,2026,6,Random,0.8837209302325582,0.8769230769230769,0.8803088803088803,130
mobilenet_v3_small,MobileNetV3-Small,2026,7,Scratch,0.648936170212766,0.3407821229050279,0.4468864468864469,179
mobilenet_v3_small,MobileNetV3-Small,2026,8,none,0.9835177139785909,0.9928561739838133,0.9881648816488164,22117
efficientnet_b0,EfficientNet-B0,42,0,Center,0.9603960396039604,0.9037267080745341,0.9312,644
efficientnet_b0,EfficientNet-B0,42,1,Donut,0.8152173913043478,0.9036144578313253,0.8571428571428571,83
efficientnet_b0,EfficientNet-B0,42,2,Edge-Loc,0.8687150837988827,0.7994858611825193,0.8326639892904953,778
efficientnet_b0,EfficientNet-B0,42,3,Edge-Ring,0.9861782999308915,0.9827823691460055,0.9844774060020697,1452
efficientnet_b0,EfficientNet-B0,42,4,Loc,0.8859060402684564,0.7346938775510204,0.8032454361054767,539
efficientnet_b0,EfficientNet-B0,42,5,Near-full,0.9130434782608695,1.0,0.9545454545454546,21
efficientnet_b0,EfficientNet-B0,42,6,Random,0.9206349206349206,0.8923076923076924,0.90625,130
efficientnet_b0,EfficientNet-B0,42,7,Scratch,0.75,0.6871508379888268,0.717201166180758,179
efficientnet_b0,EfficientNet-B0,42,8,none,0.9857091658453544,0.9948455938870552,0.9902563063975337,22117
efficientnet_b0,EfficientNet-B0,123,0,Center,0.9649415692821369,0.8975155279503105,0.9300080450522928,644
efficientnet_b0,EfficientNet-B0,123,1,Donut,0.8202247191011236,0.8795180722891566,0.8488372093023255,83
efficientnet_b0,EfficientNet-B0,123,2,Edge-Loc,0.8525469168900804,0.8174807197943444,0.8346456692913385,778
efficientnet_b0,EfficientNet-B0,123,3,Edge-Ring,0.9916201117318436,0.977961432506887,0.984743411927878,1452
efficientnet_b0,EfficientNet-B0,123,4,Loc,0.9137931034482759,0.6883116883116883,0.7851851851851852,539
efficientnet_b0,EfficientNet-B0,123,5,Near-full,0.9130434782608695,1.0,0.9545454545454546,21
efficientnet_b0,EfficientNet-B0,123,6,Random,0.8854961832061069,0.8923076923076924,0.8888888888888888,130
efficientnet_b0,EfficientNet-B0,123,7,Scratch,0.743421052631579,0.6312849162011173,0.6827794561933535,179
efficientnet_b0,EfficientNet-B0,123,8,none,0.9843952604515985,0.9954333770402858,0.9898835484016006,22117
efficientnet_b0,EfficientNet-B0,2026,0,Center,0.9515347334410339,0.9145962732919255,0.9326999208234362,644
efficientnet_b0,EfficientNet-B0,2026,1,Donut,0.8210526315789474,0.9397590361445783,0.8764044943820225,83
efficientnet_b0,EfficientNet-B0,2026,2,Edge-Loc,0.8831168831168831,0.7866323907455013,0.832087015635622,778
efficientnet_b0,EfficientNet-B0,2026,3,Edge-Ring,0.9787816563997263,0.9848484848484849,0.9818056985925163,1452
efficientnet_b0,EfficientNet-B0,2026,4,Loc,0.9025522041763341,0.7217068645640075,0.8020618556701031,539
efficientnet_b0,EfficientNet-B0,2026,5,Near-full,0.9545454545454546,1.0,0.9767441860465116,21
efficientnet_b0,EfficientNet-B0,2026,6,Random,0.92,0.8846153846153846,0.9019607843137255,130
efficientnet_b0,EfficientNet-B0,2026,7,Scratch,0.7289156626506024,0.6759776536312849,0.7014492753623188,179
efficientnet_b0,EfficientNet-B0,2026,8,none,0.9852223366620393,0.9947551657096351,0.9899658027357812,22117
