label_id,label,wafer_die_count_count,wafer_die_count_mean,wafer_die_count_std,wafer_die_count_median,fail_die_count_count,fail_die_count_mean,fail_die_count_std,fail_die_count_median,fail_die_fraction_count,fail_die_fraction_mean,fail_die_fraction_std,fail_die_fraction_median,component_count_count,component_count_mean,component_count_std,component_count_median,largest_component_fraction_count,largest_component_fraction_mean,largest_component_fraction_std,largest_component_fraction_median,singleton_fail_fraction_count,singleton_fail_fraction_mean,singleton_fail_fraction_std,singleton_fail_fraction_median,component_size_cv_count,component_size_cv_mean,component_size_cv_std,component_size_cv_median,centroid_offset_normalized_count,centroid_offset_normalized_mean,centroid_offset_normalized_std,centroid_offset_normalized_median,radial_mean_normalized_count,radial_mean_normalized_mean,radial_mean_normalized_std,radial_mean_normalized_median,radial_std_normalized_count,radial_std_normalized_mean,radial_std_normalized_std,radial_std_normalized_median,edge_fail_fraction_count,edge_fail_fraction_mean,edge_fail_fraction_std,edge_fail_fraction_median,spatial_dispersion_normalized_count,spatial_dispersion_normalized_mean,spatial_dispersion_normalized_std,spatial_dispersion_normalized_median,error_rate_across_seeds_count,error_rate_across_seeds_mean,error_rate_across_seeds_std,error_rate_across_seeds_median,predicted_none_rate_across_seeds_count,predicted_none_rate_across_seeds_mean,predicted_none_rate_across_seeds_std,predicted_none_rate_across_seeds_median,unanimous_to_none_count,unanimous_to_none_mean,unanimous_to_none_std,unanimous_to_none_median
0,Center,644,2934.062112,156.1349534,2888,644,683.3447205,280.0306956,746.5,644,0.2340109747,0.09669241305,0.2584498805,644,45.42080745,18.95328468,41,644,0.3333019568,0.1821590306,0.2930352874,644,0.02392713504,0.08898148217,0,644,2.192556986,1.120924766,1.900829302,644,0.05559422596,0.03527206262,0.05024997795,644,0.5827732383,0.06451620643,0.5902297277,644,0.2826473425,0.02215983325,0.2810364355,644,0.3310018318,0.09510625753,0.3294199528,644,0.6450891083,0.0593646801,0.6518669594,644,0.08436853002,0.2660905482,0,644,0.07246376812,0.2485712473,0,644,0.06211180124,0.2415461084,0
1,Donut,83,2831.614458,259.1932527,2868,83,817.0120482,326.2647621,741,83,0.2875509599,0.107184616,0.2661473548,83,50.18072289,20.17976805,46,83,0.6295253934,0.1897553024,0.65,83,0.02047347504,0.03525623689,0.01117318436,83,4.372139635,1.129957037,4.313113962,83,0.1095023795,0.0607128194,0.1009479179,83,0.5542168216,0.05462513208,0.5601949051,83,0.215515236,0.02895314369,0.215033704,83,0.1924567608,0.07201672348,0.1915641476,83,0.5824599147,0.04947547585,0.5859075802,83,0.1124497992,0.3003029565,0,83,0.01204819277,0.10976426,0,83,0.01204819277,0.10976426,0
2,Edge-Loc,778,2833.097686,273.2079614,2863,778,521.8277635,313.2948844,442,778,0.1835857911,0.1069744628,0.1596127391,778,55.75449871,26.01578843,52,778,0.3323695697,0.1931822008,0.2705949166,778,0.04586413456,0.08631827228,0.004836448598,778,2.383614975,1.157427801,2.000724993,778,0.1952674541,0.1087358473,0.1804978795,778,0.713939031,0.05528287069,0.7126579139,778,0.2165771287,0.02814216935,0.2195361271,778,0.4703384807,0.1432393358,0.469841652,778,0.7119618784,0.05920598209,0.7158842733,778,0.1623821765,0.3445914077,0,778,0.1302485004,0.317111356,0,778,0.1028277635,0.303929179,0
3,Edge-Ring,1452,2974.028926,249.7526975,3049,1452,419.3009642,156.7899064,392,1452,0.1393508611,0.04987281525,0.1278824738,1452,59.22796143,20.4337113,59,1452,0.5876706313,0.2245652633,0.6841310776,1452,0.1041559549,0.1089744992,0.09117228088,1452,4.498907673,1.667474859,4.823010472,1452,0.0664465503,0.05648224796,0.04859212408,1452,0.8220624067,0.04724396307,0.8297847602,1452,0.196399519,0.02822755687,0.1970479355,1452,0.7256419177,0.1195411612,0.7552287582,1452,0.8411926534,0.04542684877,0.8518787141,1452,0.01285583104,0.1004775413,0,1452,0.003443526171,0.04533953664,0,1452,0.0006887052342,0.02624319405,0
4,Loc,539,2908.044527,274.4507625,2901,539,480.9499072,266.5130671,446,539,0.164938776,0.08999506366,0.1561837456,539,49.05565863,18.63343969,47,539,0.3481912621,0.1945930551,0.2988505747,539,0.03991010384,0.1034552028,0.002298850575,539,2.316657077,1.179193899,1.971866297,539,0.1645616657,0.1093833008,0.1435232214,539,0.6471141376,0.07984744665,0.653264639,539,0.2296197749,0.03790749442,0.232609953,539,0.3539007849,0.1245897193,0.3497854077,539,0.6577831653,0.08618083809,0.6705179855,539,0.2665429808,0.4200568218,0,539,0.1558441558,0.3508948313,0,539,0.1354359926,0.3425065395,0
5,Near-full,21,2977.428571,173.5815576,2901,21,2636.047619,268.3979277,2573,21,0.8862452143,0.08160235051,0.8864922207,21,2.238095238,1.946914531,1,21,0.9973134492,0.00459772055,1,21,5.319007151e-05,0.0001764702503,0,21,0.813360449,1.009480893,0,21,0.0436024678,0.03886307011,0.04131868204,21,0.6196751816,0.0175042637,0.6199420644,21,0.2246846742,0.005834932549,0.2247488129,21,0.2621228723,0.03790903141,0.2599103757,21,0.6565780151,0.01920152986,0.6583587751,21,0.04761904762,0.1593638146,0,21,0,0,0,21,0,0,0
6,Random,130,2837.753846,291.9486007,2829,130,1315.969231,402.5493362,1270.5,130,0.4583164285,0.1115294238,0.44453125,130,30.27692308,26.73847368,20,130,0.7025315836,0.2755027803,0.8129248179,130,0.004788500541,0.007608189924,0.00073910476,130,2.91984765,1.25856955,2.971178214,130,0.05807306816,0.04481131432,0.04310366126,130,0.6181570095,0.04221075263,0.606515664,130,0.2332530262,0.01396988779,0.234393513,130,0.277654846,0.07691349674,0.2643034064,130,0.6569134792,0.03939380129,0.6463664296,130,0.07435897436,0.2499453329,0,130,0.01282051282,0.0964829061,0,130,0.007692307692,0.08770580193,0
7,Scratch,179,2868.564246,334.6670659,2901,179,279.972067,167.3679399,235,179,0.09727475134,0.05447846734,0.08870967742,179,55.00558659,20.4058532,52,179,0.2217517858,0.1193783669,0.1929530201,179,0.1225647532,0.1713099937,0.04225352113,179,1.627347697,0.7229867321,1.426128113,179,0.1373297235,0.07946676741,0.1257916062,179,0.6775615138,0.06288803508,0.6799250119,179,0.2313931289,0.02677332675,0.2346009282,179,0.4023206133,0.1206432158,0.4048338369,179,0.699131994,0.0557105275,0.6992793914,179,0.2141527002,0.3781792559,0,179,0.1731843575,0.3395318473,0,179,0.1173184358,0.3227020128,0
8,none,22117,2912.406158,258.0918692,2901,22117,309.8847493,163.6635246,277,22117,0.1058324314,0.05374384889,0.09702549575,22117,47.80784012,16.20312614,45,22117,0.09134119989,0.03668426164,0.08421052632,22117,0.03285180783,0.07399256955,0,22117,0.7719736324,0.2159851046,0.7431475254,22117,0.092095833,0.05601787831,0.08196182417,22117,0.6904029972,0.05065133324,0.6905750421,22117,0.2378764821,0.02330933516,0.2387411994,22117,0.4478391852,0.1020130332,0.4449152542,22117,0.7228750944,0.04387081257,0.723448571,22117,0.004913264306,0.06264770042,0,0,,,,22117,0,0,0
