source_index,lotName,waferIndex,label,split,label_id,true_label_id,image_row,predicted_label_seed42,confidence_seed42,correct_seed42,predicted_label_seed123,confidence_seed123,correct_seed123,predicted_label_seed2026,confidence_seed2026,correct_seed2026,wrong_seed_count,all_seeds_wrong,unanimous_prediction,unanimous_wrong,unanimous_predicted_label,mean_prediction_confidence
687416,lot42512,16.00000000,Center,test,0,0,57248,none,0.99947480,False,none,0.99973196,False,none,0.99815590,False,3,True,True,True,none,0.99912089
711424,lot43484,7.00000000,Edge-Loc,test,2,2,79147,none,0.99739885,False,none,0.99949646,False,none,0.99861300,False,3,True,True,True,none,0.99850277
725156,lot44037,11.00000000,Scratch,test,7,7,92587,none,0.99811720,False,none,0.99848133,False,none,0.99802410,False,3,True,True,True,none,0.99820754
690198,lot42627,22.00000000,Loc,test,4,4,59853,none,0.99804450,False,none,0.99535240,False,none,0.99931440,False,3,True,True,True,none,0.99757043
789773,lot46660,10.00000000,Loc,test,4,4,151906,none,0.99631786,False,none,0.99640214,False,none,0.99514645,False,3,True,True,True,none,0.99595548
767770,lot45764,1.00000000,Scratch,test,7,7,130787,none,0.99315333,False,none,0.98793670,False,none,0.99172590,False,3,True,True,True,none,0.99093864
806177,lot47326,21.00000000,Loc,test,4,4,167862,none,0.99052390,False,none,0.99175670,False,none,0.98947316,False,3,True,True,True,none,0.99058459
793215,lot46800,24.00000000,Loc,test,4,4,155225,none,0.99288696,False,none,0.98629797,False,none,0.99243450,False,3,True,True,True,none,0.99053981
712753,lot43537,17.00000000,Loc,test,4,4,80456,none,0.98910160,False,none,0.99059045,False,none,0.99080265,False,3,True,True,True,none,0.99016490
719190,lot43797,10.00000000,Edge-Loc,test,2,2,86745,none,0.99644140,False,none,0.98056580,False,none,0.99125480,False,3,True,True,True,none,0.98942067
763183,lot45577,7.00000000,Loc,test,4,4,126393,none,0.99035710,False,none,0.99631090,False,none,0.98148790,False,3,True,True,True,none,0.98938530
714257,lot43598,6.00000000,Loc,test,4,4,81919,none,0.98347060,False,none,0.98935620,False,none,0.99341220,False,3,True,True,True,none,0.98874633
686584,lot42478,7.00000000,Loc,test,4,4,56439,none,0.99262940,False,none,0.98158750,False,none,0.98982555,False,3,True,True,True,none,0.98801415
806229,lot47328,23.00000000,Edge-Loc,test,2,2,167914,none,0.99396990,False,none,0.97717170,False,none,0.99274760,False,3,True,True,True,none,0.98796307
674122,lot41974,2.00000000,Loc,test,4,4,45685,Donut,0.99635315,False,Donut,0.98340994,False,Donut,0.98330724,False,3,True,True,True,Donut,0.98769011
806079,lot47322,23.00000000,Edge-Loc,test,2,2,167764,none,0.97488450,False,none,0.98985684,False,none,0.99632760,False,3,True,True,True,none,0.98702298
678928,lot42166,17.00000000,Center,test,0,0,49521,none,0.98461390,False,none,0.98471780,False,none,0.99080920,False,3,True,True,True,none,0.98671363
256711,lot15890,11.00000000,Edge-Loc,test,2,2,19447,Edge-Ring,0.98869880,False,Edge-Ring,0.98280050,False,Edge-Ring,0.98717230,False,3,True,True,True,Edge-Ring,0.98622387
764758,lot45641,12.00000000,Center,test,0,0,127927,none,0.98414130,False,none,0.97691387,False,none,0.99596906,False,3,True,True,True,none,0.98567474
643436,lot40480,2.00000000,Edge-Loc,test,2,2,31505,none,0.99147075,False,none,0.97553490,False,none,0.98830160,False,3,True,True,True,none,0.98510242
7382,lot1288,4.00000000,Random,test,6,6,6547,Near-full,0.99354080,False,Near-full,0.97128516,False,Near-full,0.98757950,False,3,True,True,True,Near-full,0.98413515
765934,lot45690,13.00000000,Loc,test,4,4,129000,none,0.97782270,False,none,0.97985005,False,none,0.98901004,False,3,True,True,True,none,0.98222760
31707,lot3108,9.00000000,Donut,test,1,1,8337,Edge-Ring,0.98010856,False,Edge-Ring,0.97217060,False,Edge-Ring,0.99051570,False,3,True,True,True,Edge-Ring,0.98093162
643116,lot40467,7.00000000,Loc,test,4,4,31186,none,0.98534560,False,none,0.96647510,False,none,0.98976200,False,3,True,True,True,none,0.98052757
776304,lot46116,5.00000000,Loc,test,4,4,138903,none,0.94971670,False,none,0.99539894,False,none,0.99334770,False,3,True,True,True,none,0.97948778
687597,lot42520,18.00000000,Center,test,0,0,57425,none,0.97931767,False,none,0.96929514,False,none,0.98858786,False,3,True,True,True,none,0.97906689
692447,lot42718,20.00000000,Edge-Loc,test,2,2,61924,none,0.94944954,False,none,0.98623860,False,none,0.99559800,False,3,True,True,True,none,0.97709538
796701,lot46941,18.00000000,Center,test,0,0,158617,none,0.96114760,False,none,0.98807680,False,none,0.97978574,False,3,True,True,True,none,0.97633671
777148,lot46149,24.00000000,Loc,test,4,4,139746,none,0.97558880,False,none,0.98221870,False,none,0.96637080,False,3,True,True,True,none,0.97472610
799126,lot47040,9.00000000,Loc,test,4,4,160957,none,0.96276444,False,none,0.98213640,False,none,0.97661580,False,3,True,True,True,none,0.97383888
744519,lot44825,4.00000000,Scratch,test,7,7,108441,none,0.96339834,False,none,0.96789324,False,none,0.96819940,False,3,True,True,True,none,0.96649699
734174,lot44405,5.00000000,Scratch,test,7,7,100558,none,0.98726416,False,none,0.99048704,False,none,0.90786760,False,3,True,True,True,none,0.96187293
740416,lot44658,23.00000000,Center,test,0,0,106411,none,0.96577640,False,none,0.94016950,False,none,0.97939200,False,3,True,True,True,none,0.96177930
713494,lot43567,16.00000000,Loc,test,4,4,81180,none,0.94891490,False,none,0.97533860,False,none,0.95570064,False,3,True,True,True,none,0.95998471
776306,lot46116,7.00000000,Center,test,0,0,138905,none,0.96688634,False,none,0.94705350,False,none,0.96469325,False,3,True,True,True,none,0.95954436
692732,lot42730,6.00000000,Edge-Loc,test,2,2,62184,none,0.96947410,False,none,0.98864436,False,none,0.91259850,False,3,True,True,True,none,0.95690565
718289,lot43761,7.00000000,Loc,test,4,4,85867,none,0.96031487,False,none,0.97441770,False,none,0.93522580,False,3,True,True,True,none,0.95665279
719181,lot43797,1.00000000,Center,test,0,0,86736,none,0.96059230,False,none,0.93086950,False,none,0.97684900,False,3,True,True,True,none,0.95610360
794224,lot46841,14.00000000,none,test,8,8,156190,Scratch,0.95449835,False,Scratch,0.93659600,False,Scratch,0.97709240,False,3,True,True,True,Scratch,0.95606225
643662,lot40489,3.00000000,Loc,test,4,4,31730,none,0.92748930,False,none,0.97214850,False,none,0.96660554,False,3,True,True,True,none,0.95541445
276162,lot16991,7.00000000,Edge-Loc,test,2,2,20160,Random,0.96876454,False,Random,0.92502690,False,Random,0.97228616,False,3,True,True,True,Random,0.95535920
715559,lot43650,12.00000000,Edge-Loc,test,2,2,83173,none,0.95312530,False,none,0.96088076,False,none,0.95098530,False,3,True,True,True,none,0.95499712
697625,lot42928,5.00000000,Loc,test,4,4,66736,Edge-Loc,0.96387935,False,Edge-Loc,0.96319080,False,Edge-Loc,0.93635150,False,3,True,True,True,Edge-Loc,0.95447388
732581,lot44340,17.00000000,Edge-Loc,test,2,2,99279,none,0.96929640,False,none,0.93230500,False,none,0.96013840,False,3,True,True,True,none,0.95391327
716941,lot43705,21.00000000,Scratch,test,7,7,84532,none,0.99204504,False,none,0.95268005,False,none,0.91511124,False,3,True,True,True,none,0.95327878
654012,lot40914,15.00000000,Center,test,0,0,39729,none,0.95104760,False,none,0.97656380,False,none,0.93131760,False,3,True,True,True,none,0.95297633
764115,lot45615,19.00000000,Edge-Loc,test,2,2,127302,Edge-Ring,0.98491085,False,Edge-Ring,0.95997435,False,Edge-Ring,0.91332440,False,3,True,True,True,Edge-Ring,0.95273653
766594,lot45716,24.00000000,Edge-Ring,test,3,3,129636,Edge-Loc,0.91555554,False,Edge-Loc,0.98196650,False,Edge-Loc,0.96020830,False,3,True,True,True,Edge-Loc,0.95257678
678865,lot42164,4.00000000,Center,test,0,0,49458,none,0.96411750,False,none,0.97096090,False,none,0.92205640,False,3,True,True,True,none,0.95237827
643451,lot40480,17.00000000,Edge-Loc,test,2,2,31520,none,0.92792840,False,none,0.95563210,False,none,0.96945290,False,3,True,True,True,none,0.95100447
712827,lot43540,16.00000000,Loc,test,4,4,80530,none,0.94025340,False,none,0.95205736,False,none,0.95780070,False,3,True,True,True,none,0.95003715
764342,lot45624,21.00000000,Center,test,0,0,127521,none,0.91005940,False,none,0.96783555,False,none,0.97181690,False,3,True,True,True,none,0.94990395
755840,lot45279,20.00000000,Loc,test,4,4,119295,none,0.97440990,False,none,0.90151230,False,none,0.97372130,False,3,True,True,True,none,0.94988117
760749,lot45479,2.00000000,Loc,test,4,4,124018,none,0.92134553,False,none,0.97099555,False,none,0.95400524,False,3,True,True,True,none,0.94878211
758192,lot45375,7.00000000,Edge-Loc,test,2,2,121554,none,0.96356523,False,none,0.93529590,False,none,0.94296710,False,3,True,True,True,none,0.94727608
656739,lot41024,15.00000000,Loc,test,4,4,42084,none,0.93519413,False,none,0.91903010,False,none,0.98695755,False,3,True,True,True,none,0.94706059
761759,lot45519,20.00000000,Center,test,0,0,125011,none,0.87058040,False,none,0.99085426,False,none,0.97783846,False,3,True,True,True,none,0.94642437
751201,lot45093,19.00000000,Loc,test,4,4,114763,Edge-Loc,0.98798835,False,Edge-Loc,0.85797520,False,Edge-Loc,0.98836434,False,3,True,True,True,Edge-Loc,0.94477596
802771,lot47189,7.00000000,Scratch,test,7,7,164525,none,0.96272886,False,none,0.95355330,False,none,0.91610400,False,3,True,True,True,none,0.94412872
766592,lot45716,22.00000000,Loc,test,4,4,129634,none,0.92687100,False,none,0.95378035,False,none,0.94625820,False,3,True,True,True,none,0.94230318
716333,lot43681,13.00000000,Loc,test,4,4,83924,none,0.93675060,False,none,0.94569100,False,none,0.93798420,False,3,True,True,True,none,0.94014193
774033,lot46020,25.00000000,Loc,test,4,4,136753,none,0.92974526,False,none,0.96992326,False,none,0.92031777,False,3,True,True,True,none,0.93999543
640998,lot40381,19.00000000,Loc,test,4,4,29248,Edge-Loc,0.89933080,False,Edge-Loc,0.95807000,False,Edge-Loc,0.95572330,False,3,True,True,True,Edge-Loc,0.93770803
780181,lot46273,8.00000000,Edge-Loc,test,2,2,142704,none,0.93659160,False,none,0.97028905,False,none,0.90466800,False,3,True,True,True,none,0.93718288
685043,lot42414,16.00000000,none,test,8,8,54923,Scratch,0.93774000,False,Scratch,0.91006225,False,Scratch,0.96260690,False,3,True,True,True,Scratch,0.93680305
713503,lot43567,25.00000000,Loc,test,4,4,81189,none,0.94187033,False,none,0.87880856,False,none,0.97488767,False,3,True,True,True,none,0.93185552
784462,lot46446,20.00000000,Edge-Loc,test,2,2,146790,none,0.94015510,False,none,0.92502890,False,none,0.93030510,False,3,True,True,True,none,0.93182970
279366,lot17149,4.00000000,Loc,test,4,4,20391,Donut,0.94119470,False,Donut,0.89788824,False,Donut,0.94746740,False,3,True,True,True,Donut,0.92885011
805199,lot47286,25.00000000,Center,test,0,0,166916,none,0.94544830,False,none,0.88895285,False,none,0.95095090,False,3,True,True,True,none,0.92845068
757011,lot45327,16.00000000,Edge-Loc,test,2,2,120440,none,0.90929466,False,none,0.92046905,False,none,0.95326686,False,3,True,True,True,none,0.92767686
739044,lot44603,23.00000000,Loc,test,4,4,105061,Edge-Loc,0.86613977,False,Edge-Loc,0.95497847,False,Edge-Loc,0.96028800,False,3,True,True,True,Edge-Loc,0.92713541
690845,lot42654,5.00000000,Edge-Loc,test,2,2,60411,none,0.92709637,False,none,0.91887730,False,none,0.93401355,False,3,True,True,True,none,0.92666241
717035,lot43709,15.00000000,Edge-Loc,test,2,2,84626,none,0.92750950,False,none,0.92748360,False,none,0.92482054,False,3,True,True,True,none,0.92660455
716201,lot43676,6.00000000,Edge-Loc,test,2,2,83792,none,0.89888626,False,none,0.95842403,False,none,0.91894690,False,3,True,True,True,none,0.92541906
686597,lot42478,20.00000000,Center,test,0,0,56452,none,0.88117075,False,none,0.95790625,False,none,0.93709590,False,3,True,True,True,none,0.92539097
640889,lot40377,10.00000000,Edge-Loc,test,2,2,29148,none,0.89639880,False,none,0.96577590,False,none,0.91161793,False,3,True,True,True,none,0.92459754
711151,lot43473,9.00000000,Scratch,test,7,7,78875,Edge-Loc,0.93188480,False,Edge-Loc,0.94290245,False,Edge-Loc,0.89585996,False,3,True,True,True,Edge-Loc,0.92354907
660617,lot41181,5.00000000,Loc,test,4,4,45338,none,0.96968610,False,none,0.84169734,False,none,0.95341450,False,3,True,True,True,none,0.92159931
726853,lot44105,21.00000000,Loc,test,4,4,94272,none,0.92620050,False,none,0.94595100,False,none,0.88530684,False,3,True,True,True,none,0.91915278
684955,lot42411,3.00000000,Edge-Loc,test,2,2,54835,none,0.94108790,False,none,0.89318690,False,none,0.91994240,False,3,True,True,True,none,0.91807240
739043,lot44603,22.00000000,Random,test,6,6,105060,none,0.89925610,False,none,0.92411250,False,none,0.92816470,False,3,True,True,True,none,0.91717777
673812,lot41961,4.00000000,Edge-Loc,test,2,2,45413,none,0.84967200,False,none,0.94426790,False,none,0.95695900,False,3,True,True,True,none,0.91696630
410579,lot24477,8.00000000,Edge-Loc,test,2,2,24612,none,0.94747170,False,none,0.94204420,False,none,0.86084425,False,3,True,True,True,none,0.91678672
809700,lot47468,2.00000000,Loc,test,4,4,171289,none,0.92149353,False,none,0.91902846,False,none,0.90926670,False,3,True,True,True,none,0.91659623
640795,lot40373,12.00000000,Loc,test,4,4,29083,none,0.86988130,False,none,0.91998965,False,none,0.95781314,False,3,True,True,True,none,0.91589470
719977,lot43828,25.00000000,Loc,test,4,4,87509,Edge-Loc,0.91997130,False,Edge-Loc,0.95264890,False,Edge-Loc,0.87469680,False,3,True,True,True,Edge-Loc,0.91577233
682139,lot42296,22.00000000,Center,test,0,0,52415,none,0.91657730,False,none,0.86233610,False,none,0.96567260,False,3,True,True,True,none,0.91486200
679109,lot42174,4.00000000,Loc,test,4,4,49682,Center,0.91650720,False,Center,0.91868436,False,Center,0.90757090,False,3,True,True,True,Center,0.91425415
809656,lot47466,8.00000000,Edge-Loc,test,2,2,171245,none,0.90191420,False,none,0.96124060,False,none,0.87462884,False,3,True,True,True,none,0.91259455
684313,lot42385,11.00000000,Edge-Loc,test,2,2,54193,none,0.88539124,False,none,0.92303485,False,none,0.92707680,False,3,True,True,True,none,0.91183430
808461,lot47418,6.00000000,none,test,8,8,170119,Edge-Loc,0.86669950,False,Edge-Loc,0.94207966,False,Edge-Loc,0.92342440,False,3,True,True,True,Edge-Loc,0.91073452
375846,lot22423,14.00000000,Loc,test,4,4,23381,Edge-Loc,0.89081293,False,Edge-Loc,0.87253237,False,Edge-Loc,0.96727306,False,3,True,True,True,Edge-Loc,0.91020612
776002,lot46104,1.00000000,none,test,8,8,138624,Random,0.97843003,False,Random,0.92531850,False,Random,0.82241684,False,3,True,True,True,Random,0.90872179
647326,lot40637,20.00000000,Loc,test,4,4,34279,none,0.91565734,False,none,0.99121960,False,none,0.81266296,False,3,True,True,True,none,0.90651330
7349,lot534,21.00000000,none,test,8,8,6519,Loc,0.94288370,False,Loc,0.82438690,False,Loc,0.94402590,False,3,True,True,True,Loc,0.90376550
690196,lot42627,20.00000000,Loc,test,4,4,59851,none,0.86921930,False,none,0.89196460,False,none,0.94562507,False,3,True,True,True,none,0.90226966
766519,lot45713,24.00000000,Loc,test,4,4,129561,none,0.88995576,False,none,0.92543167,False,none,0.89063150,False,3,True,True,True,none,0.90200631
5805,lot234,8.00000000,Edge-Loc,test,2,2,5167,none,0.90707856,False,none,0.89203423,False,none,0.90088930,False,3,True,True,True,none,0.90000070
690181,lot42627,5.00000000,Loc,test,4,4,59836,none,0.89562833,False,none,0.90750766,False,none,0.89677630,False,3,True,True,True,none,0.89997076
370222,lot22133,22.00000000,Loc,test,4,4,23328,Edge-Ring,0.95059690,False,Edge-Ring,0.87161750,False,Edge-Ring,0.87290080,False,3,True,True,True,Edge-Ring,0.89837173
674137,lot41974,17.00000000,Donut,test,1,1,45699,Random,0.79421556,False,Random,0.97122810,False,Random,0.92046046,False,3,True,True,True,Random,0.89530137
764327,lot45624,6.00000000,none,test,8,8,127508,Center,0.88610210,False,Center,0.90277940,False,Center,0.89287180,False,3,True,True,True,Center,0.89391777
645625,lot40568,7.00000000,Loc,test,4,4,33016,none,0.93894964,False,none,0.86955510,False,none,0.86091240,False,3,True,True,True,none,0.88980571
769196,lot45822,2.00000000,Edge-Loc,test,2,2,132187,none,0.88554160,False,none,0.85134190,False,none,0.93021260,False,3,True,True,True,none,0.88903203
684542,lot42394,15.00000000,none,test,8,8,54422,Scratch,0.88335570,False,Scratch,0.83266133,False,Scratch,0.94333243,False,3,True,True,True,Scratch,0.88644982
647181,lot40631,25.00000000,Loc,test,4,4,34179,none,0.86431820,False,none,0.87733300,False,none,0.91539570,False,3,True,True,True,none,0.88568230
805449,lot47296,25.00000000,Loc,test,4,4,167166,none,0.90785086,False,none,0.84431535,False,none,0.89414870,False,3,True,True,True,none,0.88210497
732311,lot44329,1.00000000,Loc,test,4,4,99057,Center,0.79318660,False,Center,0.93718123,False,Center,0.91528170,False,3,True,True,True,Center,0.88188318
716327,lot43681,7.00000000,Loc,test,4,4,83918,none,0.94854164,False,none,0.74573666,False,none,0.95077320,False,3,True,True,True,none,0.88168383
766302,lot45705,7.00000000,Edge-Loc,test,2,2,129344,none,0.95460710,False,none,0.88951380,False,none,0.80050050,False,3,True,True,True,none,0.88154047
767566,lot45755,21.00000000,none,test,8,8,130607,Edge-Loc,0.89409864,False,Edge-Loc,0.86594963,False,Edge-Loc,0.88410383,False,3,True,True,True,Edge-Loc,0.88138403
640999,lot40381,20.00000000,Loc,test,4,4,29249,none,0.93890540,False,none,0.73791444,False,none,0.96210130,False,3,True,True,True,none,0.87964038
715477,lot43647,3.00000000,Edge-Loc,test,2,2,83114,none,0.88104016,False,none,0.79503083,False,none,0.95429500,False,3,True,True,True,none,0.87678866
7341,lot534,13.00000000,none,test,8,8,6512,Loc,0.88946230,False,Loc,0.84679980,False,Loc,0.88430010,False,3,True,True,True,Loc,0.87352073
382081,lot22836,17.00000000,Edge-Loc,test,2,2,23771,none,0.93483990,False,none,0.90284264,False,none,0.78206840,False,3,True,True,True,none,0.87325031
764677,lot45638,6.00000000,Center,test,0,0,127849,none,0.89248880,False,none,0.84793880,False,none,0.86919740,False,3,True,True,True,none,0.86987500
717231,lot43717,11.00000000,none,test,8,8,84822,Loc,0.88281780,False,Loc,0.84360516,False,Loc,0.87853914,False,3,True,True,True,Loc,0.86832070
678930,lot42166,19.00000000,Scratch,test,7,7,49523,none,0.84716505,False,none,0.86467550,False,none,0.88868790,False,3,True,True,True,none,0.86684282
759743,lot45438,8.00000000,Loc,test,4,4,123053,Scratch,0.82057010,False,Scratch,0.89512380,False,Scratch,0.88476320,False,3,True,True,True,Scratch,0.86681903
764919,lot45648,16.00000000,Scratch,test,7,7,128079,none,0.81857920,False,none,0.86504020,False,none,0.90500754,False,3,True,True,True,none,0.86287565
768604,lot45798,7.00000000,Edge-Loc,test,2,2,131617,none,0.90154350,False,none,0.91763530,False,none,0.76255150,False,3,True,True,True,none,0.86057677
642104,lot40425,25.00000000,Center,test,0,0,30198,none,0.83819280,False,none,0.87095710,False,none,0.87045187,False,3,True,True,True,none,0.85986726
764105,lot45615,9.00000000,Edge-Loc,test,2,2,127292,Edge-Ring,0.86600065,False,Edge-Ring,0.87528190,False,Edge-Ring,0.83402730,False,3,True,True,True,Edge-Ring,0.85843662
305702,lot18635,21.00000000,Scratch,test,7,7,21330,none,0.78644930,False,none,0.89858150,False,none,0.88970250,False,3,True,True,True,none,0.85824443
639683,lot40328,21.00000000,Loc,test,4,4,28219,Center,0.74612430,False,Center,0.87993840,False,Center,0.94527710,False,3,True,True,True,Center,0.85711327
791738,lot46741,6.00000000,Loc,test,4,4,153783,Scratch,0.89050660,False,Scratch,0.84673023,False,Scratch,0.82663983,False,3,True,True,True,Scratch,0.85462555
683520,lot42352,18.00000000,Scratch,test,7,7,53454,none,0.87518877,False,none,0.91975670,False,none,0.76515810,False,3,True,True,True,none,0.85336786
744521,lot44825,6.00000000,Edge-Loc,test,2,2,108443,Loc,0.94035530,False,Loc,0.88118840,False,Loc,0.73684990,False,3,True,True,True,Loc,0.85279787
641212,lot40390,8.00000000,none,test,8,8,29430,Edge-Loc,0.84440815,False,Edge-Loc,0.88707644,False,Edge-Loc,0.81800175,False,3,True,True,True,Edge-Loc,0.84982878
732908,lot44353,19.00000000,Loc,test,4,4,99552,Center,0.72627490,False,Center,0.95189820,False,Center,0.86971194,False,3,True,True,True,Center,0.84929501
706114,lot43269,21.00000000,none,test,8,8,74261,Loc,0.88308860,False,Loc,0.92944550,False,Loc,0.73457680,False,3,True,True,True,Loc,0.84903697
688172,lot42543,20.00000000,Center,test,0,0,57977,none,0.89784795,False,none,0.82370440,False,none,0.82334410,False,3,True,True,True,none,0.84829882
810656,lot47509,9.00000000,Loc,test,4,4,172190,Edge-Loc,0.83587620,False,Edge-Loc,0.86873280,False,Edge-Loc,0.83684134,False,3,True,True,True,Edge-Loc,0.84715011
762580,lot45553,4.00000000,Center,test,0,0,125794,none,0.86099607,False,none,0.78964150,False,none,0.88049080,False,3,True,True,True,none,0.84370946
809701,lot47468,3.00000000,Center,test,0,0,171290,none,0.81154066,False,none,0.86074140,False,none,0.85583620,False,3,True,True,True,none,0.84270609
809660,lot47466,12.00000000,Edge-Loc,test,2,2,171249,none,0.97013750,False,none,0.89714680,False,none,0.65588360,False,3,True,True,True,none,0.84105597
42613,lot3707,22.00000000,Edge-Loc,test,2,2,8432,none,0.80148960,False,none,0.88148160,False,none,0.83291130,False,3,True,True,True,none,0.83862750
713306,lot43560,3.00000000,Edge-Ring,test,3,3,80992,Edge-Loc,0.87333190,False,Edge-Loc,0.90848714,False,Edge-Loc,0.72412556,False,3,True,True,True,Edge-Loc,0.83531487
683953,lot42370,23.00000000,Loc,test,4,4,53880,Random,0.88634646,False,Random,0.79141960,False,Random,0.82318450,False,3,True,True,True,Random,0.83365019
680154,lot42215,25.00000000,Loc,test,4,4,50697,Donut,0.94747640,False,Donut,0.80651927,False,Donut,0.74458927,False,3,True,True,True,Donut,0.83286165
800657,lot47101,17.00000000,Edge-Loc,test,2,2,162465,none,0.74746140,False,none,0.87465820,False,none,0.87472326,False,3,True,True,True,none,0.83228095
681244,lot42260,18.00000000,Edge-Loc,test,2,2,51692,none,0.70442300,False,none,0.83364016,False,none,0.95802820,False,3,True,True,True,none,0.83203045
5226,lot211,2.00000000,Scratch,test,7,7,4646,none,0.80977726,False,none,0.86042550,False,none,0.82470655,False,3,True,True,True,none,0.83163644
743398,lot44780,6.00000000,none,test,8,8,107344,Edge-Ring,0.85638154,False,Edge-Ring,0.88565100,False,Edge-Ring,0.74325430,False,3,True,True,True,Edge-Ring,0.82842895
540519,lot33753,11.00000000,Edge-Loc,test,2,2,25601,Edge-Ring,0.92287390,False,Edge-Ring,0.62272680,False,Edge-Ring,0.93837607,False,3,True,True,True,Edge-Ring,0.82799226
794231,lot46841,21.00000000,Edge-Loc,test,2,2,156197,none,0.81066257,False,none,0.75157070,False,none,0.92130965,False,3,True,True,True,none,0.82784764
763992,lot45610,21.00000000,Edge-Loc,test,2,2,127179,Edge-Ring,0.81231713,False,Edge-Ring,0.83776360,False,Edge-Ring,0.83245677,False,3,True,True,True,Edge-Ring,0.82751250
721749,lot43900,9.00000000,Edge-Loc,test,2,2,89240,Loc,0.90099424,False,Loc,0.80770670,False,Loc,0.77137226,False,3,True,True,True,Loc,0.82669107
716643,lot43693,23.00000000,Edge-Loc,test,2,2,84234,none,0.77652794,False,none,0.79358220,False,none,0.90883046,False,3,True,True,True,none,0.82631353
654667,lot40941,4.00000000,Random,test,6,6,40367,Edge-Loc,0.67699695,False,Edge-Loc,0.91557730,False,Edge-Loc,0.88348585,False,3,True,True,True,Edge-Loc,0.82535337
7562,lot1388,13.00000000,none,test,8,8,6669,Loc,0.85941964,False,Loc,0.83713305,False,Loc,0.77785540,False,3,True,True,True,Loc,0.82480270
769203,lot45822,9.00000000,Edge-Loc,test,2,2,132194,none,0.71283670,False,none,0.85554224,False,none,0.90512630,False,3,True,True,True,none,0.82450175
762126,lot45534,24.00000000,Center,test,0,0,125364,none,0.76795130,False,none,0.81589806,False,none,0.88387280,False,3,True,True,True,none,0.82257405
674130,lot41974,10.00000000,Donut,test,1,1,45692,Random,0.84511900,False,Random,0.88299920,False,Random,0.73849076,False,3,True,True,True,Random,0.82220299
643495,lot40482,11.00000000,none,test,8,8,31564,Center,0.81809410,False,Center,0.81268346,False,Center,0.83478904,False,3,True,True,True,Center,0.82185553
474100,lot29225,12.00000000,Scratch,test,7,7,25266,none,0.75589350,False,none,0.89489070,False,none,0.81400050,False,3,True,True,True,none,0.82159490
680890,lot42245,15.00000000,Loc,test,4,4,51389,none,0.79693204,False,none,0.86076560,False,none,0.80663510,False,3,True,True,True,none,0.82144425
695567,lot42845,1.00000000,Edge-Loc,test,2,2,64927,none,0.82513720,False,none,0.83872914,False,none,0.79916640,False,3,True,True,True,none,0.82101091
714042,lot43589,14.00000000,Edge-Loc,test,2,2,81727,none,0.91493220,False,none,0.74914190,False,none,0.79808086,False,3,True,True,True,none,0.82071832
755783,lot45277,13.00000000,Loc,test,4,4,119238,none,0.81432400,False,none,0.66518650,False,none,0.97789910,False,3,True,True,True,none,0.81913653
799312,lot47047,20.00000000,Loc,test,4,4,161143,none,0.75782186,False,none,0.88136286,False,none,0.81764550,False,3,True,True,True,none,0.81894341
763982,lot45610,11.00000000,Edge-Loc,test,2,2,127169,none,0.85932120,False,none,0.81288920,False,none,0.78401480,False,3,True,True,True,none,0.81874173
783186,lot46394,10.00000000,none,test,8,8,145605,Edge-Loc,0.82994630,False,Edge-Loc,0.86503154,False,Edge-Loc,0.75696534,False,3,True,True,True,Edge-Loc,0.81731439
732571,lot44340,7.00000000,Loc,test,4,4,99269,none,0.80762243,False,none,0.88384580,False,none,0.75612390,False,3,True,True,True,none,0.81586404
776012,lot46104,11.00000000,none,test,8,8,138634,Random,0.96386623,False,Random,0.73003656,False,Random,0.75073640,False,3,True,True,True,Random,0.81487973
647320,lot40637,14.00000000,Loc,test,4,4,34274,none,0.82093793,False,none,0.79529090,False,none,0.82596844,False,3,True,True,True,none,0.81406576
805704,lot47307,18.00000000,Scratch,test,7,7,167409,none,0.81985980,False,none,0.80366330,False,none,0.81310755,False,3,True,True,True,none,0.81221022
426208,lot25616,14.00000000,Edge-Loc,test,2,2,24902,none,0.84108764,False,none,0.89980760,False,none,0.69234544,False,3,True,True,True,none,0.81108023
244985,lot15347,25.00000000,Loc,test,4,4,15620,Edge-Loc,0.79582006,False,Edge-Loc,0.95047870,False,Edge-Loc,0.67787580,False,3,True,True,True,Edge-Loc,0.80805819
711363,lot43481,21.00000000,Center,test,0,0,79087,none,0.87423470,False,none,0.64818930,False,none,0.89742850,False,3,True,True,True,none,0.80661750
680896,lot42245,21.00000000,Loc,test,4,4,51395,Donut,0.90906450,False,Donut,0.79822850,False,Donut,0.71093696,False,3,True,True,True,Donut,0.80607665
700144,lot43029,20.00000000,Edge-Loc,test,2,2,68944,none,0.68764395,False,none,0.90052500,False,none,0.82434270,False,3,True,True,True,none,0.80417055
278887,lot17122,22.00000000,Loc,test,4,4,20280,Donut,0.77786916,False,Donut,0.81511740,False,Donut,0.81772244,False,3,True,True,True,Donut,0.80356967
298239,lot18235,23.00000000,Loc,test,4,4,21093,Donut,0.89927030,False,Donut,0.78966314,False,Donut,0.72173570,False,3,True,True,True,Donut,0.80355638
673818,lot41961,10.00000000,none,test,8,8,45419,Scratch,0.79002976,False,Scratch,0.71452750,False,Scratch,0.90572727,False,3,True,True,True,Scratch,0.80342818
31704,lot3108,6.00000000,Donut,test,1,1,8335,Edge-Ring,0.92756860,False,Edge-Ring,0.85641044,False,Edge-Ring,0.62121445,False,3,True,True,True,Edge-Ring,0.80173116
740406,lot44658,13.00000000,Loc,test,4,4,106401,Edge-Loc,0.66246283,False,Edge-Loc,0.87290585,False,Edge-Loc,0.86730240,False,3,True,True,True,Edge-Loc,0.80089036
643625,lot40487,16.00000000,Loc,test,4,4,31693,none,0.73069555,False,none,0.77582010,False,none,0.89480790,False,3,True,True,True,none,0.80044118
673839,lot41962,6.00000000,none,test,8,8,45440,Scratch,0.83149403,False,Scratch,0.76396640,False,Scratch,0.80578446,False,3,True,True,True,Scratch,0.80041496
6891,lot277,19.00000000,none,test,8,8,6178,Loc,0.83666850,False,Loc,0.73925394,False,Loc,0.82340720,False,3,True,True,True,Loc,0.79977655
687528,lot42517,24.00000000,Scratch,test,7,7,57356,none,0.74244490,False,none,0.90683750,False,none,0.74160930,False,3,True,True,True,none,0.79696390
713308,lot43560,5.00000000,Edge-Ring,test,3,3,80994,Edge-Loc,0.90798870,False,Edge-Loc,0.71164906,False,Edge-Loc,0.76850826,False,3,True,True,True,Edge-Loc,0.79604867
769517,lot45834,25.00000000,Edge-Loc,test,2,2,132485,none,0.83757620,False,none,0.69415516,False,none,0.85091230,False,3,True,True,True,none,0.79421455
778040,lot46186,7.00000000,Edge-Loc,test,2,2,140604,none,0.92291564,False,none,0.82766145,False,none,0.62908790,False,3,True,True,True,none,0.79322166
643955,lot40500,21.00000000,none,test,8,8,32022,Edge-Loc,0.79278850,False,Edge-Loc,0.78107210,False,Edge-Loc,0.80494773,False,3,True,True,True,Edge-Loc,0.79293611
717004,lot43708,9.00000000,Edge-Loc,test,2,2,84595,none,0.78869310,False,none,0.74501246,False,none,0.84330610,False,3,True,True,True,none,0.79233722
774990,lot46060,16.00000000,none,test,8,8,137690,Center,0.68647814,False,Center,0.84081584,False,Center,0.84861920,False,3,True,True,True,Center,0.79197106
794990,lot46872,10.00000000,Loc,test,4,4,156936,Edge-Loc,0.66776260,False,Edge-Loc,0.81171970,False,Edge-Loc,0.88985956,False,3,True,True,True,Edge-Loc,0.78978062
794619,lot46857,14.00000000,Edge-Loc,test,2,2,156565,none,0.78125197,False,none,0.92759190,False,none,0.65293187,False,3,True,True,True,none,0.78725858
790228,lot46678,15.00000000,Scratch,test,7,7,152359,Edge-Loc,0.70857877,False,Edge-Loc,0.77106994,False,Edge-Loc,0.88073564,False,3,True,True,True,Edge-Loc,0.78679478
763853,lot45605,7.00000000,Edge-Loc,test,2,2,127040,Edge-Ring,0.68000330,False,Edge-Ring,0.87103780,False,Edge-Ring,0.80834420,False,3,True,True,True,Edge-Ring,0.78646177
226776,lot14255,13.00000000,Scratch,test,7,7,13396,Edge-Ring,0.95566230,False,none,0.58456160,False,Edge-Ring,0.81892260,False,3,True,False,False,,0.78638217
777958,lot46182,25.00000000,Scratch,test,7,7,140522,none,0.67520600,False,none,0.76534090,False,none,0.91578160,False,3,True,True,True,none,0.78544283
726652,lot44097,20.00000000,Loc,test,4,4,94071,Edge-Loc,0.98028606,False,Edge-Loc,0.86216706,False,Edge-Loc,0.50965780,False,3,True,True,True,Edge-Loc,0.78403697
769961,lot45852,25.00000000,Center,test,0,0,132885,none,0.77275760,False,none,0.90973060,False,none,0.66351336,False,3,True,True,True,none,0.78200052
807696,lot47387,16.00000000,Loc,test,4,4,169354,Scratch,0.84271840,False,Scratch,0.68489313,False,Scratch,0.81565950,False,3,True,True,True,Scratch,0.78109034
712762,lot43538,1.00000000,Edge-Loc,test,2,2,80465,none,0.81767550,False,none,0.70888910,False,none,0.81665623,False,3,True,True,True,none,0.78107361
715482,lot43647,8.00000000,Edge-Loc,test,2,2,83119,none,0.65104800,False,none,0.84859014,False,none,0.84334403,False,3,True,True,True,none,0.78099406
6917,lot278,20.00000000,Edge-Ring,test,3,3,6204,Edge-Loc,0.88526565,False,Edge-Loc,0.81217490,False,Edge-Loc,0.64463600,False,3,True,True,True,Edge-Loc,0.78069218
807462,lot47378,7.00000000,Center,test,0,0,169120,none,0.86650080,False,none,0.61457800,False,none,0.86009470,False,3,True,True,True,none,0.78039117
787403,lot46565,13.00000000,Scratch,test,7,7,149587,none,0.80653280,False,none,0.92123090,False,none,0.60200100,False,3,True,True,True,none,0.77658823
433664,lot26231,16.00000000,Loc,test,4,4,24961,Edge-Loc,0.76098280,False,Edge-Loc,0.71478410,False,Edge-Loc,0.84680724,False,3,True,True,True,Edge-Loc,0.77419138
716345,lot43681,25.00000000,none,test,8,8,83936,Scratch,0.78400815,False,Scratch,0.79702130,False,Scratch,0.73129120,False,3,True,True,True,Scratch,0.77077355
48275,lot4030,7.00000000,Edge-Loc,test,2,2,8538,Edge-Ring,0.63705873,False,Edge-Ring,0.73024290,False,Edge-Ring,0.93874110,False,3,True,True,True,Edge-Ring,0.76868091
800439,lot47092,24.00000000,Loc,test,4,4,162247,none,0.53133420,False,none,0.97492480,False,none,0.79759200,False,3,True,True,True,none,0.76795033
713307,lot43560,4.00000000,Random,test,6,6,80993,Edge-Loc,0.80702060,False,Edge-Loc,0.90137170,False,Edge-Loc,0.59397850,False,3,True,True,True,Edge-Loc,0.76745693
85412,lot6119,7.00000000,Edge-Loc,test,2,2,9242,none,0.79398750,False,none,0.69504500,False,none,0.81139800,False,3,True,True,True,none,0.76681017
7344,lot534,16.00000000,Loc,test,4,4,6515,Donut,0.60050860,False,Donut,0.84239197,False,Donut,0.85598505,False,3,True,True,True,Donut,0.76629521
726816,lot44104,9.00000000,none,test,8,8,94235,Edge-Loc,0.69682730,False,Edge-Loc,0.86677134,False,Edge-Loc,0.73146330,False,3,True,True,True,Edge-Loc,0.76502065
361658,lot21650,18.00000000,Donut,test,1,1,23185,Loc,0.85125536,False,Loc,0.71151510,False,Loc,0.72818030,False,3,True,True,True,Loc,0.76365025
764769,lot45641,23.00000000,none,test,8,8,127938,Center,0.84235895,False,Center,0.63432306,False,Center,0.80536824,False,3,True,True,True,Center,0.76068342
651084,lot40795,17.00000000,Edge-Loc,test,2,2,37100,none,0.59684813,False,none,0.76366335,False,none,0.91867410,False,3,True,True,True,none,0.75972853
762752,lot45560,1.00000000,none,test,8,8,125966,Center,0.75606585,False,Center,0.78529890,False,Center,0.73379630,False,3,True,True,True,Center,0.75838702
685372,lot42427,20.00000000,Loc,test,4,4,55252,none,0.67339160,False,none,0.87235950,False,none,0.72829230,False,3,True,True,True,none,0.75801447
683943,lot42370,13.00000000,Loc,test,4,4,53870,none,0.72685310,False,none,0.73049030,False,none,0.81412570,False,3,True,True,True,none,0.75715637
651936,lot40829,22.00000000,Center,test,0,0,37838,none,0.84876126,False,none,0.88502514,False,none,0.53225607,False,3,True,True,True,none,0.75534749
790113,lot46673,25.00000000,Edge-Loc,test,2,2,152245,none,0.65665114,False,none,0.69992197,False,none,0.90617746,False,3,True,True,True,none,0.75425019
690193,lot42627,17.00000000,none,test,8,8,59848,Scratch,0.84986573,False,Scratch,0.68275730,False,Scratch,0.72763723,False,3,True,True,True,Scratch,0.75342009
724072,lot43993,17.00000000,Edge-Loc,test,2,2,91520,none,0.54616140,False,none,0.81262210,False,none,0.89784324,False,3,True,True,True,none,0.75220891
683935,lot42370,5.00000000,Center,test,0,0,53862,Donut,0.81132400,False,Donut,0.62995607,False,Donut,0.81450020,False,3,True,True,True,Donut,0.75192676
725146,lot44037,1.00000000,Scratch,test,7,7,92577,none,0.87131600,False,none,0.69755640,False,none,0.68394660,False,3,True,True,True,none,0.75093967
767790,lot45764,21.00000000,Edge-Loc,test,2,2,130807,none,0.69054300,False,none,0.75900070,False,none,0.78798010,False,3,True,True,True,none,0.74584127
756615,lot45311,20.00000000,Edge-Loc,test,2,2,120044,none,0.71323454,False,none,0.66007470,False,none,0.86297774,False,3,True,True,True,none,0.74542899
723846,lot43984,16.00000000,Edge-Ring,test,3,3,91294,none,0.61164900,False,none,0.69133950,False,none,0.92880315,False,3,True,True,True,none,0.74393055
795797,lot46905,13.00000000,none,test,8,8,157739,Edge-Loc,0.67077790,False,Edge-Loc,0.84032100,False,Edge-Loc,0.71927214,False,3,True,True,True,Edge-Loc,0.74345701
763196,lot45577,20.00000000,none,test,8,8,126405,Edge-Loc,0.77624977,False,Edge-Loc,0.85048556,False,Edge-Loc,0.60224230,False,3,True,True,True,Edge-Loc,0.74299254
793196,lot46800,5.00000000,Edge-Loc,test,2,2,155206,none,0.69598013,False,none,0.75711364,False,none,0.77521753,False,3,True,True,True,none,0.74277043
712007,lot43507,21.00000000,Loc,test,4,4,79711,none,0.60699840,False,none,0.80680454,False,none,0.80906660,False,3,True,True,True,none,0.74095651
794710,lot46861,5.00000000,Edge-Loc,test,2,2,156656,none,0.65084386,False,none,0.79639570,False,none,0.77465886,False,3,True,True,True,none,0.74063281
724074,lot43993,19.00000000,Loc,test,4,4,91522,Edge-Loc,0.62135226,False,Edge-Loc,0.75103700,False,Edge-Loc,0.84911530,False,3,True,True,True,Edge-Loc,0.74050152
286595,lot17478,22.00000000,Loc,test,4,4,20735,none,0.64610070,False,none,0.75171185,False,none,0.82177410,False,3,True,True,True,none,0.73986222
756993,lot45326,23.00000000,Edge-Loc,test,2,2,120422,none,0.67075270,False,none,0.67493653,False,none,0.86148024,False,3,True,True,True,none,0.73572316
795620,lot46898,11.00000000,Edge-Loc,test,2,2,157562,none,0.60030470,False,none,0.63039106,False,none,0.95867866,False,3,True,True,True,none,0.72979147
729008,lot44194,15.00000000,Edge-Loc,test,2,2,96391,none,0.79046250,False,none,0.76671580,False,none,0.63138700,False,3,True,True,True,none,0.72952177
795792,lot46905,8.00000000,none,test,8,8,157734,Edge-Loc,0.71709245,False,Edge-Loc,0.78509830,False,Edge-Loc,0.67379700,False,3,True,True,True,Edge-Loc,0.72532925
761501,lot45509,12.00000000,none,test,8,8,124753,Loc,0.66454090,False,Loc,0.67748430,False,Loc,0.83031430,False,3,True,True,True,Loc,0.72411317
716339,lot43681,19.00000000,Loc,test,4,4,83930,Scratch,0.58527750,False,Scratch,0.80477190,False,Scratch,0.77935320,False,3,True,True,True,Scratch,0.72313420
465969,lot28660,12.00000000,Edge-Ring,test,3,3,25259,Edge-Loc,0.56338257,False,Edge-Loc,0.93269920,False,Edge-Loc,0.67324640,False,3,True,True,True,Edge-Loc,0.72310939
716342,lot43681,22.00000000,Loc,test,4,4,83933,none,0.76573783,False,none,0.58624905,False,none,0.81575210,False,3,True,True,True,none,0.72257966
698680,lot42970,22.00000000,Center,test,0,0,67656,none,0.53773440,False,none,0.85707450,False,none,0.77121484,False,3,True,True,True,none,0.72200791
743653,lot44790,13.00000000,Edge-Loc,test,2,2,107576,none,0.68082010,False,none,0.70993996,False,none,0.77309860,False,3,True,True,True,none,0.72128622
698914,lot42980,6.00000000,Edge-Loc,test,2,2,67872,none,0.66585250,False,none,0.79633860,False,none,0.70098790,False,3,True,True,True,none,0.72105967
677541,lot42110,25.00000000,Loc,test,4,4,48182,none,0.58565325,False,none,0.76181096,False,none,0.81302506,False,3,True,True,True,none,0.72016309
713500,lot43567,22.00000000,Loc,test,4,4,81186,none,0.67575586,False,none,0.70076615,False,none,0.77838990,False,3,True,True,True,none,0.71830397
764921,lot45648,18.00000000,Center,test,0,0,128081,none,0.64874274,False,none,0.94453275,False,none,0.56132850,False,3,True,True,True,none,0.71820133
772346,lot45950,11.00000000,Edge-Loc,test,2,2,135171,none,0.77996030,False,none,0.58594507,False,none,0.78092150,False,3,True,True,True,none,0.71560896
756974,lot45326,4.00000000,none,test,8,8,120403,Loc,0.82131260,False,Loc,0.75624670,False,Loc,0.56654080,False,3,True,True,True,Loc,0.71470003
793886,lot46827,20.00000000,Center,test,0,0,155896,none,0.71534650,False,none,0.77321047,False,none,0.64791150,False,3,True,True,True,none,0.71215616
658649,lot41101,18.00000000,Loc,test,4,4,43703,Edge-Loc,0.69714767,False,Edge-Loc,0.74057436,False,Edge-Loc,0.68833920,False,3,True,True,True,Edge-Loc,0.70868708
691026,lot42661,11.00000000,Edge-Loc,test,2,2,60592,none,0.49080634,False,none,0.76653420,False,none,0.86739093,False,3,True,True,True,none,0.70824382
712005,lot43507,19.00000000,Loc,test,4,4,79709,none,0.57124454,False,none,0.73931380,False,none,0.81345160,False,3,True,True,True,none,0.70800331
717043,lot43709,23.00000000,none,test,8,8,84634,Scratch,0.48179245,False,Scratch,0.79010300,False,Scratch,0.84074336,False,3,True,True,True,Scratch,0.70421294
685353,lot42427,1.00000000,Edge-Loc,test,2,2,55233,none,0.72339123,False,none,0.71519536,False,none,0.67006520,False,3,True,True,True,none,0.70288393
735217,lot44447,11.00000000,Edge-Loc,test,2,2,101429,none,0.68808690,False,none,0.69408540,False,none,0.72618100,False,3,True,True,True,none,0.70278443
810832,lot47517,3.00000000,Random,test,6,6,172358,Edge-Loc,0.69825184,False,Edge-Loc,0.68360406,False,Edge-Loc,0.72029287,False,3,True,True,True,Edge-Loc,0.70071626
714045,lot43589,17.00000000,Center,test,0,0,81730,none,0.68476430,False,none,0.65476610,False,none,0.76097614,False,3,True,True,True,none,0.70016885
316492,lot19251,22.00000000,Loc,test,4,4,21506,Donut,0.86593586,False,Donut,0.66000220,False,Donut,0.57376900,False,3,True,True,True,Donut,0.69990235
764751,lot45641,5.00000000,Loc,test,4,4,127920,none,0.63936170,False,none,0.71536800,False,none,0.73315120,False,3,True,True,True,none,0.69596030
757800,lot45359,11.00000000,Edge-Loc,test,2,2,121209,none,0.69535100,False,none,0.60930770,False,none,0.78315616,False,3,True,True,True,none,0.69593829
712770,lot43538,9.00000000,none,test,8,8,80473,Edge-Ring,0.79258900,False,Edge-Ring,0.65766597,False,Edge-Ring,0.63520850,False,3,True,True,True,Edge-Ring,0.69515449
642098,lot40425,19.00000000,Loc,test,4,4,30193,none,0.63503695,False,none,0.62875986,False,none,0.80266080,False,3,True,True,True,none,0.68881920
767060,lot45735,15.00000000,none,test,8,8,130102,Edge-Loc,0.87703747,False,Edge-Loc,0.52887845,False,Edge-Loc,0.65863943,False,3,True,True,True,Edge-Loc,0.68818512
810672,lot47509,25.00000000,Loc,test,4,4,172206,none,0.54825910,False,Scratch,0.71306735,False,Scratch,0.80264190,False,3,True,False,False,,0.68798945
656219,lot41003,20.00000000,Center,test,0,0,41597,none,0.78813830,False,none,0.54435486,False,none,0.72316520,False,3,True,True,True,none,0.68521945
715743,lot43657,21.00000000,Edge-Loc,test,2,2,83357,none,0.63472205,False,none,0.85845524,False,none,0.55647090,False,3,True,True,True,none,0.68321606
787503,lot46569,13.00000000,Scratch,test,7,7,149687,none,0.58835170,False,none,0.72107470,False,none,0.73185986,False,3,True,True,True,none,0.68042875
652963,lot40871,17.00000000,none,test,8,8,38764,Donut,0.79499036,False,Donut,0.62110215,False,Donut,0.61748130,False,3,True,True,True,Donut,0.67785794
714044,lot43589,16.00000000,Edge-Loc,test,2,2,81729,none,0.58538514,False,none,0.56071270,False,none,0.88416535,False,3,True,True,True,none,0.67675440
763185,lot45577,9.00000000,none,test,8,8,126395,Edge-Loc,0.77809507,False,Edge-Loc,0.59549737,False,Edge-Loc,0.65506035,False,3,True,True,True,Edge-Loc,0.67621760
85437,lot6120,7.00000000,Edge-Loc,test,2,2,9250,none,0.75023340,False,none,0.54045326,False,none,0.73714260,False,3,True,True,True,none,0.67594309
762413,lot45546,12.00000000,none,test,8,8,125627,Center,0.70667773,False,Center,0.63851140,False,Center,0.67899424,False,3,True,True,True,Center,0.67472779
726825,lot44104,18.00000000,none,test,8,8,94244,Loc,0.67031280,False,Loc,0.67396724,False,Loc,0.67325170,False,3,True,True,True,Loc,0.67251058
691643,lot42686,7.00000000,Edge-Loc,test,2,2,61162,none,0.53370400,False,none,0.87612960,False,none,0.60747075,False,3,True,True,True,none,0.67243478
649100,lot40715,14.00000000,Scratch,test,7,7,35432,none,0.72177730,False,none,0.68563060,False,none,0.60229397,False,3,True,True,True,none,0.66990062
764681,lot45638,10.00000000,Center,test,0,0,127853,none,0.67781920,False,none,0.55366000,False,none,0.77792740,False,3,True,True,True,none,0.66980220
642103,lot40425,24.00000000,none,test,8,8,30197,Loc,0.66006947,False,Loc,0.68806183,False,Loc,0.65910900,False,3,True,True,True,Loc,0.66908010
690366,lot42634,16.00000000,Edge-Loc,test,2,2,59997,none,0.55030420,False,none,0.67711790,False,none,0.76124920,False,3,True,True,True,none,0.66289043
802780,lot47189,16.00000000,Edge-Loc,test,2,2,164534,none,0.59913500,False,none,0.74173760,False,none,0.64583610,False,3,True,True,True,none,0.66223623
696022,lot42863,18.00000000,none,test,8,8,65344,Center,0.64915950,False,Center,0.53630290,False,Center,0.79568480,False,3,True,True,True,Center,0.66038240
772014,lot45936,3.00000000,Loc,test,4,4,134863,none,0.67827713,False,none,0.66283570,False,none,0.63417470,False,3,True,True,True,none,0.65842918
756994,lot45326,24.00000000,Edge-Loc,test,2,2,120423,none,0.68858380,False,none,0.56362220,False,none,0.72259650,False,3,True,True,True,none,0.65826750
760753,lot45479,6.00000000,none,test,8,8,124022,Edge-Loc,0.64586806,False,Edge-Loc,0.73578787,False,Edge-Loc,0.59132720,False,3,True,True,True,Edge-Loc,0.65766104
303742,lot18554,18.00000000,Loc,test,4,4,21312,none,0.51941097,False,none,0.94355100,False,none,0.50777745,False,3,True,True,True,none,0.65691314
786663,lot46534,24.00000000,Loc,test,4,4,148848,none,0.67787606,False,none,0.60751480,False,none,0.68131730,False,3,True,True,True,none,0.65556939
732638,lot44342,24.00000000,Center,test,0,0,99326,none,0.58988440,False,none,0.58190054,False,none,0.79329026,False,3,True,True,True,none,0.65502507
189980,lot12075,8.00000000,Center,test,0,0,11829,Loc,0.65109460,False,Loc,0.74988350,False,Loc,0.56309720,False,3,True,True,True,Loc,0.65469177
794802,lot46864,22.00000000,Edge-Ring,test,3,3,156748,Edge-Loc,0.73506296,False,Edge-Loc,0.59973510,False,Edge-Loc,0.62534270,False,3,True,True,True,Edge-Loc,0.65338025
640880,lot40377,1.00000000,Loc,test,4,4,29140,Edge-Loc,0.72570960,False,Edge-Loc,0.50563670,False,Edge-Loc,0.72615695,False,3,True,True,True,Edge-Loc,0.65250108
757803,lot45359,14.00000000,Loc,test,4,4,121212,Scratch,0.82815360,False,Scratch,0.64385300,False,Scratch,0.47907550,False,3,True,True,True,Scratch,0.65036070
804963,lot47277,14.00000000,Scratch,test,7,7,166680,none,0.55867887,False,none,0.88370883,False,none,0.50802540,False,3,True,True,True,none,0.65013770
757766,lot45358,2.00000000,none,test,8,8,121175,Edge-Loc,0.65740204,False,Edge-Loc,0.69881135,False,Edge-Loc,0.59342146,False,3,True,True,True,Edge-Loc,0.64987828
760194,lot45456,16.00000000,Loc,test,4,4,123485,none,0.56910723,False,none,0.66837895,False,none,0.71127930,False,3,True,True,True,none,0.64958849
806217,lot47328,11.00000000,Scratch,test,7,7,167902,none,0.59120417,False,none,0.78315026,False,none,0.57382697,False,3,True,True,True,none,0.64939380
784463,lot46446,21.00000000,none,test,8,8,146791,Edge-Loc,0.67597610,False,Edge-Loc,0.66277010,False,Edge-Loc,0.60816795,False,3,True,True,True,Edge-Loc,0.64897138
764693,lot45638,22.00000000,Edge-Loc,test,2,2,127865,none,0.75140540,False,none,0.67375994,False,none,0.51435570,False,3,True,True,True,none,0.64650701
681198,lot42258,22.00000000,Loc,test,4,4,51653,none,0.57561630,False,none,0.74866897,False,none,0.60625595,False,3,True,True,True,none,0.64351374
690908,lot42656,18.00000000,Loc,test,4,4,60474,none,0.59269010,False,none,0.68774974,False,none,0.64935600,False,3,True,True,True,none,0.64326528
793575,lot46815,9.00000000,Edge-Loc,test,2,2,155585,none,0.65550580,False,none,0.74468130,False,none,0.52763210,False,3,True,True,True,none,0.64260640
756610,lot45311,15.00000000,Edge-Loc,test,2,2,120039,none,0.65771836,False,none,0.53020066,False,none,0.72935770,False,3,True,True,True,none,0.63909224
6273,lot253,1.00000000,Edge-Loc,test,2,2,5605,Loc,0.54506040,False,Loc,0.61947230,False,Loc,0.75205535,False,3,True,True,True,Loc,0.63886268
681823,lot42283,22.00000000,Center,test,0,0,52187,Donut,0.64931280,False,Donut,0.86289080,False,Donut,0.38408682,False,3,True,True,True,Donut,0.63209681
689843,lot42613,11.00000000,none,test,8,8,59543,Loc,0.63635224,False,Loc,0.50662540,False,Loc,0.75266880,False,3,True,True,True,Loc,0.63188215
809657,lot47466,9.00000000,Edge-Loc,test,2,2,171246,none,0.57019080,False,none,0.76440010,False,none,0.55780476,False,3,True,True,True,none,0.63079855
799984,lot47074,19.00000000,Loc,test,4,4,161792,none,0.63228095,False,none,0.69411683,False,none,0.55451894,False,3,True,True,True,none,0.62697224
731299,lot44287,17.00000000,Loc,test,4,4,98313,Center,0.72964656,False,Center,0.51256984,False,Center,0.63755286,False,3,True,True,True,Center,0.62658975
642080,lot40425,1.00000000,Edge-Loc,test,2,2,30179,none,0.73792170,False,none,0.70908177,False,none,0.43262872,False,3,True,True,True,none,0.62654406
683521,lot42352,19.00000000,Center,test,0,0,53455,none,0.62314590,False,none,0.63722880,False,none,0.61612350,False,3,True,True,True,none,0.62549940
712836,lot43540,25.00000000,none,test,8,8,80539,Center,0.54640570,False,Center,0.68460190,False,Center,0.63206010,False,3,True,True,True,Center,0.62102257
655595,lot40978,14.00000000,Loc,test,4,4,41117,none,0.68930230,False,none,0.59964126,False,none,0.57136900,False,3,True,True,True,none,0.62010419
704866,lot43219,23.00000000,none,test,8,8,73156,Edge-Loc,0.59118336,False,Edge-Loc,0.58526754,False,Edge-Loc,0.68169320,False,3,True,True,True,Edge-Loc,0.61938137
723882,lot43986,2.00000000,none,test,8,8,91330,Center,0.52275010,False,Center,0.48956242,False,Center,0.83647570,False,3,True,True,True,Center,0.61626274
433654,lot26231,6.00000000,Edge-Ring,test,3,3,24954,Edge-Loc,0.72350920,False,Edge-Loc,0.57735527,False,Edge-Loc,0.54020005,False,3,True,True,True,Edge-Loc,0.61368817
810655,lot47509,8.00000000,Edge-Loc,test,2,2,172189,Edge-Ring,0.75919350,False,none,0.58351660,False,Edge-Ring,0.48599973,False,3,True,False,False,,0.60956994
791384,lot46726,8.00000000,none,test,8,8,153438,Edge-Loc,0.66948000,False,Edge-Loc,0.54649650,False,Edge-Loc,0.60439170,False,3,True,True,True,Edge-Loc,0.60678940
358352,lot21455,2.00000000,Random,test,6,6,22915,Donut,0.59735477,False,Donut,0.69059074,False,Donut,0.52909360,False,3,True,True,True,Donut,0.60567970
767054,lot45735,9.00000000,Scratch,test,7,7,130096,Edge-Loc,0.60083336,False,none,0.47640312,False,Edge-Loc,0.73956645,False,3,True,False,False,,0.60560098
646099,lot40587,23.00000000,Center,test,0,0,33366,none,0.51135820,False,none,0.63128054,False,none,0.67167944,False,3,True,True,True,none,0.60477273
730116,lot44239,3.00000000,Edge-Loc,test,2,2,97300,Edge-Ring,0.55755466,False,Edge-Ring,0.69228065,False,Edge-Ring,0.55442060,False,3,True,True,True,Edge-Ring,0.60141864
727168,lot44118,11.00000000,Edge-Loc,test,2,2,94587,none,0.46130150,False,none,0.63072300,False,none,0.71037650,False,3,True,True,True,none,0.60080033
764755,lot45641,9.00000000,Loc,test,4,4,127924,Scratch,0.38214532,False,Scratch,0.67967580,False,Scratch,0.73085140,False,3,True,True,True,Scratch,0.59755751
647755,lot40655,17.00000000,Loc,test,4,4,34552,Edge-Loc,0.53247450,False,Edge-Loc,0.75897040,False,Edge-Loc,0.49524724,False,3,True,True,True,Edge-Loc,0.59556405
787064,lot46550,25.00000000,Edge-Loc,test,2,2,149249,none,0.71058500,False,none,0.51847210,False,none,0.55142710,False,3,True,True,True,none,0.59349473
688269,lot42547,17.00000000,Center,test,0,0,58074,none,0.66676325,False,none,0.62906720,False,none,0.48255852,False,3,True,True,True,none,0.59279632
760786,lot45480,14.00000000,none,test,8,8,124055,Center,0.50298810,False,Center,0.62715410,False,Center,0.64544680,False,3,True,True,True,Center,0.59186300
695589,lot42845,23.00000000,Loc,test,4,4,64949,none,0.50151830,False,none,0.54083430,False,none,0.73040396,False,3,True,True,True,none,0.59091885
654400,lot40930,3.00000000,Loc,test,4,4,40116,none,0.45989218,False,none,0.54644460,False,none,0.76251304,False,3,True,True,True,none,0.58961661
713738,lot43577,10.00000000,Loc,test,4,4,81423,none,0.69743960,False,none,0.65524940,False,none,0.41215040,False,3,True,True,True,none,0.58827980
642610,lot40447,1.00000000,Center,test,0,0,30681,none,0.61201715,False,none,0.55917530,False,none,0.59326970,False,3,True,True,True,none,0.58815405
767047,lot45735,2.00000000,none,test,8,8,130089,Edge-Loc,0.62566400,False,Edge-Loc,0.54569840,False,Edge-Loc,0.58823710,False,3,True,True,True,Edge-Loc,0.58653317
689972,lot42618,15.00000000,Loc,test,4,4,59672,none,0.59127770,False,none,0.54676360,False,none,0.61728555,False,3,True,True,True,none,0.58510895
761490,lot45509,1.00000000,Center,test,0,0,124742,none,0.50500370,False,none,0.66269934,False,none,0.58688100,False,3,True,True,True,none,0.58486135
757813,lot45359,24.00000000,Loc,test,4,4,121222,Edge-Loc,0.61826220,False,Edge-Loc,0.49744690,False,Edge-Loc,0.63856560,False,3,True,True,True,Edge-Loc,0.58475823
789893,lot46665,5.00000000,Loc,test,4,4,152025,Center,0.51409024,False,Center,0.66894430,False,Center,0.56882364,False,3,True,True,True,Center,0.58395273
720779,lot43861,11.00000000,Loc,test,4,4,88293,none,0.71275680,False,none,0.53700596,False,none,0.50084203,False,3,True,True,True,none,0.58353493
784445,lot46446,3.00000000,Edge-Ring,test,3,3,146773,Edge-Loc,0.53667384,False,Edge-Loc,0.73759590,False,Edge-Loc,0.47136980,False,3,True,True,True,Edge-Loc,0.58187985
767941,lot45770,22.00000000,none,test,8,8,130958,Edge-Loc,0.59213600,False,Edge-Loc,0.55878156,False,Edge-Loc,0.59342750,False,3,True,True,True,Edge-Loc,0.58144835
775230,lot46070,6.00000000,none,test,8,8,137930,Edge-Loc,0.58579606,False,Edge-Loc,0.54057205,False,Edge-Loc,0.61747870,False,3,True,True,True,Edge-Loc,0.58128227
653123,lot40878,2.00000000,Donut,test,1,1,38917,none,0.59674090,False,none,0.50700500,False,none,0.63051915,False,3,True,True,True,none,0.57808835
679125,lot42174,20.00000000,Center,test,0,0,49698,Edge-Loc,0.59179500,False,none,0.46149263,False,Edge-Loc,0.65947175,False,3,True,False,False,,0.57091979
244800,lot15340,10.00000000,none,test,8,8,15439,Edge-Loc,0.58977336,False,Edge-Loc,0.59523606,False,Edge-Loc,0.52617170,False,3,True,True,True,Edge-Loc,0.57039371
646650,lot40610,19.00000000,Loc,test,4,4,33786,none,0.55316275,False,none,0.56118900,False,none,0.59540343,False,3,True,True,True,none,0.56991839
714752,lot43618,1.00000000,none,test,8,8,82414,Loc,0.51917785,False,Loc,0.62231580,False,Loc,0.56802255,False,3,True,True,True,Loc,0.56983873
656963,lot41033,14.00000000,Loc,test,4,4,42297,Random,0.60704490,False,Random,0.55853050,False,Random,0.54123056,False,3,True,True,True,Random,0.56893532
761234,lot45498,20.00000000,Center,test,0,0,124486,none,0.48139414,False,none,0.65062720,False,none,0.56789243,False,3,True,True,True,none,0.56663792
643957,lot40500,23.00000000,Loc,test,4,4,32024,none,0.55444730,False,none,0.55789876,False,none,0.58560710,False,3,True,True,True,none,0.56598439
714274,lot43598,23.00000000,none,test,8,8,81936,Scratch,0.62690390,False,Loc,0.59079856,False,Loc,0.47124723,False,3,True,False,False,,0.56298323
718286,lot43761,4.00000000,Loc,test,4,4,85864,Edge-Loc,0.59772280,False,Scratch,0.47631190,False,Edge-Loc,0.61116326,False,3,True,False,False,,0.56173265
779923,lot46262,25.00000000,Scratch,test,7,7,142447,Edge-Loc,0.71108590,False,Edge-Loc,0.40033373,False,none,0.57041687,False,3,True,False,False,,0.56061217
763859,lot45605,13.00000000,Edge-Loc,test,2,2,127046,none,0.59493583,False,Edge-Ring,0.56908930,False,Edge-Ring,0.51609610,False,3,True,False,False,,0.56004041
683949,lot42370,19.00000000,Donut,test,1,1,53876,Loc,0.61806280,False,Loc,0.51595366,False,Loc,0.53666170,False,3,True,True,True,Loc,0.55689272
732488,lot44336,24.00000000,Loc,test,4,4,99200,Center,0.39252824,False,Center,0.80451600,False,Center,0.46235350,False,3,True,True,True,Center,0.55313258
683933,lot42370,3.00000000,Center,test,0,0,53861,Donut,0.77272740,False,Donut,0.38820657,False,Donut,0.49537975,False,3,True,True,True,Donut,0.55210457
760784,lot45480,12.00000000,Center,test,0,0,124053,none,0.54991420,False,none,0.54416420,False,none,0.55458340,False,3,True,True,True,none,0.54955393
651424,lot40809,10.00000000,Loc,test,4,4,37381,none,0.51943270,False,none,0.56262916,False,none,0.56284170,False,3,True,True,True,none,0.54830119
759501,lot45428,16.00000000,none,test,8,8,122811,Center,0.52479520,False,Center,0.53939000,False,Center,0.55427950,False,3,True,True,True,Center,0.53948823
731538,lot44297,15.00000000,Loc,test,4,4,98470,Edge-Loc,0.52763850,False,none,0.43941697,False,none,0.64538430,False,3,True,False,False,,0.53747992
309685,lot18851,21.00000000,Loc,test,4,4,21399,Scratch,0.54610350,False,Scratch,0.46450874,False,Scratch,0.59858220,False,3,True,True,True,Scratch,0.53639815
679740,lot42199,11.00000000,none,test,8,8,50284,Donut,0.52750020,False,Donut,0.55172354,False,Loc,0.52875340,False,3,True,False,False,,0.53599238
685149,lot42418,22.00000000,Loc,test,4,4,55029,Scratch,0.60755070,False,none,0.39462570,False,none,0.56924440,False,3,True,False,False,,0.52380693
810848,lot47517,19.00000000,Edge-Ring,test,3,3,172372,Edge-Loc,0.48248556,False,Edge-Loc,0.64308840,False,Edge-Loc,0.44401664,False,3,True,True,True,Edge-Loc,0.52319687
689959,lot42618,2.00000000,Loc,test,4,4,59659,none,0.52403940,False,none,0.52922994,False,none,0.49153470,False,3,True,True,True,none,0.51493468
587145,lot36631,10.00000000,Center,test,0,0,26236,none,0.53716350,False,none,0.50737760,False,none,0.49862915,False,3,True,True,True,none,0.51439008
7332,lot534,4.00000000,none,test,8,8,6506,Edge-Loc,0.44680223,False,Edge-Loc,0.69872270,False,Edge-Loc,0.39555240,False,3,True,True,True,Edge-Loc,0.51369244
716325,lot43681,5.00000000,Loc,test,4,4,83916,none,0.51417690,False,none,0.43666822,False,none,0.57956380,False,3,True,True,True,none,0.51013631
683781,lot42364,1.00000000,Center,test,0,0,53710,Loc,0.45937340,False,Loc,0.60782500,False,Loc,0.44709527,False,3,True,True,True,Loc,0.50476456
685354,lot42427,2.00000000,Loc,test,4,4,55234,none,0.55782425,False,none,0.40861520,False,none,0.54376950,False,3,True,True,True,none,0.50340298
777530,lot46165,9.00000000,Scratch,test,7,7,140106,none,0.52187765,False,none,0.47772053,False,Loc,0.51060670,False,3,True,False,False,,0.50340163
683932,lot42370,2.00000000,none,test,8,8,53860,Loc,0.47437605,False,Loc,0.54374844,False,Loc,0.48786885,False,3,True,True,True,Loc,0.50199778
763993,lot45610,22.00000000,Edge-Ring,test,3,3,127180,none,0.46316943,False,Edge-Loc,0.40933642,False,Edge-Loc,0.62277365,False,3,True,False,False,,0.49842650
794384,lot46847,24.00000000,none,test,8,8,156350,Edge-Loc,0.44428390,False,Edge-Loc,0.55013126,False,Edge-Loc,0.47297347,False,3,True,True,True,Edge-Loc,0.48912954
780979,lot46305,7.00000000,Scratch,test,7,7,143478,Edge-Loc,0.54559330,False,none,0.43181396,False,Edge-Loc,0.48909426,False,3,True,False,False,,0.48883384
679681,lot42197,2.00000000,Random,test,6,6,50225,Center,0.38338858,False,Center,0.34947774,False,Center,0.72392493,False,3,True,True,True,Center,0.48559708
769819,lot45847,5.00000000,Loc,test,4,4,132765,none,0.47549507,False,none,0.49668387,False,Scratch,0.44941193,False,3,True,False,False,,0.47386362
794972,lot46871,17.00000000,Edge-Loc,test,2,2,156918,Edge-Ring,0.41509497,False,Edge-Ring,0.49296245,False,none,0.48310316,False,3,True,False,False,,0.46372019
724261,lot44001,6.00000000,Edge-Loc,test,2,2,91709,Edge-Ring,0.43267447,False,none,0.41966748,False,Edge-Ring,0.52921150,False,3,True,False,False,,0.46051782
777140,lot46149,16.00000000,none,test,8,8,139738,Scratch,0.36518368,False,Loc,0.47023920,False,Loc,0.52052530,False,3,True,False,False,,0.45198273
717776,lot43739,25.00000000,Scratch,test,7,7,85361,Loc,0.41617690,False,none,0.43646340,False,none,0.44544247,False,3,True,False,False,,0.43269426
759509,lot45428,24.00000000,Edge-Loc,test,2,2,122819,Center,0.50107740,False,none,0.39029336,False,Center,0.38889644,False,3,True,False,False,,0.42675573
656540,lot41016,16.00000000,Loc,test,4,4,41899,none,0.40643230,False,Edge-Loc,0.43524995,False,none,0.42400053,False,3,True,False,False,,0.42189426
307414,lot18735,17.00000000,Random,test,6,6,21359,Loc,0.40382883,False,Loc,0.44631650,False,Loc,0.39136893,False,3,True,True,True,Loc,0.41383809
764104,lot45615,8.00000000,Edge-Loc,test,2,2,127291,none,0.50942280,False,none,0.38200778,False,none,0.34100842,False,3,True,True,True,none,0.41081300
